name,team_abbr,team_name,pos,jersey_number,goals_ref,assists_ref,own_goals_ref,points_ref,epl_in_ref,id
Mohamed Salah,LFC,Liverpool,FWD,11,29,18,0,38,true,sr:player:159665
Alexander Isak,NEW,Newcastle,FWD,14,23,6,0,26,true,sr:player:925724
Bryan Mbeumo,MUN,Manchester United,FWD,19,20,8,0,24,true,sr:player:1413499
Erling Haaland,MCI,Manchester City,FWD,9,22,3,0,23.5,true,sr:player:991181
Chris Wood,NFO,Nottingham,FWD,11,20,3,0,21.5,true,sr:player:50480
Yoane Wissa,BRE,Brentford,MID,11,19,4,0,21,true,sr:player:871210
Ollie Watkins,AVL,Aston Villa,FWD,11,16,8,0,20,true,sr:player:555386
Cole Palmer,CHE,Chelsea,MID,10,15,8,0,19,true,sr:player:1737609
Matheus Cunha,MUN,Manchester United,FWD,10,15,6,0,18,true,sr:player:1146986
Jarrod Bowen,WHU,West Ham,FWD,20,13,9,0,17.5,true,sr:player:552884
Jorgen Strand Larsen,WOL,Wolverhampton,FWD,9,14,4,0,16,false,sr:player:1065792
Jean Philippe Mateta,CRY,Crystal Palace,FWD,14,14,2,0,15,true,sr:player:1027583
Justin Kluivert,BOU,Bournemouth,FWD,19,12,5,0,14.5,true,sr:player:934234
Jacob Murphy,NEW,Newcastle,MID,23,8,12,0,14,true,sr:player:372336
Raul Jimenez,FUL,Fulham,FWD,7,12,3,0,13.5,true,sr:player:192442
Antoine Semenyo,BOU,Bournemouth,FWD,24,11,5,0,13.5,true,sr:player:1480070
Brennan Johnson,TOT,Tottenham,FWD,22,11,4,0,13,true,sr:player:1646334
Bruno Fernandes,MUN,Manchester United,MID,8,8,10,0,13,true,sr:player:288205
Joao Pedro Joao Pedro,CHE,Chelsea,FWD,20,10,6,0,13,true,sr:player:1710063
Liam Delap,CHE,Chelsea,FWD,9,12,2,0,13,true,sr:player:1886706
Morgan Rogers,AVL,Aston Villa,FWD,27,8,10,0,13,true,sr:player:1577506
James Maddison,TOT,Tottenham,MID,10,9,7,0,12.5,true,sr:player:356398
Nicolas Jackson,CHE,Chelsea,FWD,15,10,5,0,12.5,true,sr:player:2084331
Eberechi Eze,CRY,Crystal Palace,FWD,10,8,8,0,12,true,sr:player:1088470
Danny Welbeck,BRI,Brighton,FWD,18,10,4,0,12,true,sr:player:33902
Kaoru Mitoma,BRI,Brighton,MID,22,10,4,0,12,true,sr:player:1494743
Alex Iwobi,FUL,Fulham,FWD,17,9,6,0,12,true,sr:player:352770
Cody Gakpo,LFC,Liverpool,FWD,18,10,4,0,12,true,sr:player:1058437
Kevin Schade,BRE,Brentford,FWD,7,11,2,0,12,true,sr:player:1575774
Son Heung-min,TOT,Tottenham,FWD,7,7,9,0,11.5,true,sr:player:111505
Anthony Elanga,NEW,Newcastle,FWD,20,6,11,0,11.5,true,sr:player:1718666
Leandro Trossard,ARS,Arsenal,MID,19,8,7,0,11.5,true,sr:player:135666
Ismaila Sarr,CRY,Crystal Palace,FWD,7,8,6,0,11,true,sr:player:1011939
Morgan Gibbs-White,NFO,Nottingham,MID,10,7,8,0,11,true,sr:player:1089760
Amad Diallo,MUN,Manchester United,MID,16,8,6,0,11,true,sr:player:1886726
Harvey Barnes,NEW,Newcastle,FWD,11,9,4,0,11,true,sr:player:1055187
Bukayo Saka,ARS,Arsenal,FWD,7,6,10,0,11,true,sr:player:1479630
Kai Havertz,ARS,Arsenal,FWD,29,9,3,0,10.5,true,sr:player:937210
Francisco Evanilson Evanilson,BOU,Bournemouth,FWD,9,10,1,0,10.5,true,sr:player:1436414
Gabriel Martinelli,ARS,Arsenal,FWD,11,8,4,0,10,true,sr:player:1663313
Dominic Solanke,TOT,Tottenham,FWD,19,9,3,1,9.5,true,sr:player:361420
Tomas Soucek,WHU,West Ham,MID,28,9,1,0,9.5,true,sr:player:359840
Enzo Fernandez,CHE,Chelsea,MID,8,6,7,0,9.5,true,sr:player:1696477
Dominik Szoboszlai,LFC,Liverpool,MID,8,6,7,0,9.5,true,sr:player:1064588
Dejan Kulusevski,TOT,Tottenham,MID,21,7,4,0,9,true,sr:player:1065654
Iliman Ndiaye,EVE,Everton,FWD,10,9,0,0,9,true,sr:player:2120122
Dango Ouattara,BOU,Bournemouth,FWD,11,7,4,0,9,true,sr:player:2200344
Anthony Gordon,NEW,Newcastle,FWD,10,6,5,0,8.5,true,sr:player:1373595
Mikel Merino,ARS,Arsenal,MID,23,7,3,0,8.5,true,sr:player:592010
Noni Madueke,ARS,Arsenal,FWD,20,7,3,0,8.5,true,sr:player:1300742
Phil Foden,MCI,Manchester City,MID,47,7,2,0,8,true,sr:player:1047129
Yankuba Minteh,BRI,Brighton,FWD,11,6,4,0,8,true,sr:player:2429289
Bruno Guimaraes,NEW,Newcastle,MID,39,5,6,0,8,true,sr:player:1141016
Rodrigo Muniz,FUL,Fulham,FWD,9,8,0,0,8,true,sr:player:1557191
Norberto Bercique Beto,EVE,Everton,FWD,9,8,0,0,8,true,sr:player:1658367
Omar Marmoush,MCI,Manchester City,FWD,7,7,1,0,7.5,true,sr:player:1107697
Rayan Ait Nouri,MCI,Manchester City,DEF,21,4,7,0,7.5,true,sr:player:1432949
Alejandro Garnacho,MUN,Manchester United,FWD,17,6,3,0,7.5,true,sr:player:1955902
Declan Rice,ARS,Arsenal,MID,41,4,7,0,7.5,true,sr:player:934552
Emile Smith Rowe,FUL,Fulham,MID,32,6,3,0,7.5,true,sr:player:937004
Alexis Mac Allister,LFC,Liverpool,MID,10,5,5,0,7.5,true,sr:player:1245194
Mateo Kovacic,MCI,Manchester City,MID,8,6,2,0,7,true,sr:player:136710
Georginio Rutter,BRI,Brighton,FWD,10,5,4,0,7,true,sr:player:1565286
Pedro Neto,CHE,Chelsea,FWD,7,4,6,0,7,true,sr:player:1115761
Christian Norgaard,ARS,Arsenal,MID,16,5,4,0,7,true,sr:player:135256
Martin Odegaard,ARS,Arsenal,MID,8,3,8,0,7,true,sr:player:547410
Dwight McNeil,EVE,Everton,MID,7,4,6,0,7,true,sr:player:1484502
Daniel Munoz,CRY,Crystal Palace,DEF,12,4,5,0,6.5,true,sr:player:1108227
Mohammed Kudus,TOT,Tottenham,MID,20,5,3,0,6.5,true,sr:player:1321798
Youri Tielemans,AVL,Aston Villa,MID,8,3,7,0,6.5,true,sr:player:331737
Harry Wilson,FUL,Fulham,FWD,8,6,1,0,6.5,true,sr:player:355528
Mikkel Damsgaard,BRE,Brentford,FWD,24,2,9,0,6.5,true,sr:player:1336192
Nikola Milenkovic,NFO,Nottingham,DEF,31,5,2,0,6,true,sr:player:976055
Callum Hudson Odoi,NFO,Nottingham,FWD,7,5,2,0,6,true,sr:player:1089772
Bernardo Silva,MCI,Manchester City,MID,20,4,4,0,6,true,sr:player:331209
Jeremy Doku,MCI,Manchester City,FWD,11,3,6,0,6,true,sr:player:1297614
Facundo Buonanotte,BRI,Brighton,MID,40,5,2,0,6,true,sr:player:2184938
Jack Hinshelwood,BRI,Brighton,MID,41,5,2,0,6,true,sr:player:2532547
Marc Cucurella,CHE,Chelsea,DEF,3,5,2,0,6,true,sr:player:769505
Darwin Nunez,LFC,Liverpool,FWD,9,5,2,0,6,true,sr:player:1406549
Marcus Tavernier,BOU,Bournemouth,MID,16,3,6,0,6,true,sr:player:944820
Jean-Ricner Bellegarde,WOL,Wolverhampton,MID,27,2,7,0,5.5,true,sr:player:1011881
Joelinton Cassio Joelinton,NEW,Newcastle,FWD,7,4,3,0,5.5,true,sr:player:560128
Adama Traore,FUL,Fulham,FWD,11,2,7,0,5.5,true,sr:player:286165
Elliot Anderson,NFO,Nottingham,MID,8,2,6,0,5,true,sr:player:1635776
Josko Gvardiol,MCI,Manchester City,DEF,24,5,0,0,5,true,sr:player:1645860
Savio Savinho,MCI,Manchester City,MID,26,1,8,0,5,true,sr:player:2057939
Pedro Porro,TOT,Tottenham,DEF,23,2,6,0,5,true,sr:player:1363568
Jadon Sancho,MUN,Manchester United,FWD,25,3,4,0,5,true,sr:player:1047147
Lucas Paqueta,WHU,West Ham,MID,10,5,0,0,5,true,sr:player:991199
Sandro Tonali,NEW,Newcastle,MID,8,4,2,0,5,true,sr:player:1265128
Ethan Nwaneri,ARS,Arsenal,FWD,22,4,2,0,5,true,sr:player:2447727
Antonee Robinson,FUL,Fulham,DEF,33,0,10,0,5,true,sr:player:867054
Ryan Sessegnon,FUL,Fulham,MID,30,4,2,0,5,true,sr:player:978193
Richarlison Richarlison,TOT,Tottenham,FWD,9,4,1,0,4.5,true,sr:player:992069
Curtis Jones,LFC,Liverpool,MID,17,3,3,0,4.5,true,sr:player:1298510
Milos Kerkez,LFC,Liverpool,DEF,6,2,5,0,4.5,true,sr:player:1989917
Goncalo Guedes,WOL,Wolverhampton,MID,29,2,4,0,4,true,sr:player:280979
Ilkay Gundogan,MCI,Manchester City,MID,19,1,6,0,4,true,sr:player:45853
Matheus Nunes,MCI,Manchester City,MID,27,1,6,0,4,true,sr:player:1560920
Pape Matar Sarr,TOT,Tottenham,MID,29,3,2,0,4,true,sr:player:1957969
Rasmus Hojlund,MUN,Manchester United,FWD,9,4,0,0,4,true,sr:player:1986771
Niclas Fullkrug,WHU,West Ham,FWD,11,3,2,0,4,true,sr:player:132645
Christopher Nkunku,CHE,Chelsea,FWD,18,3,2,0,4,true,sr:player:769333
Fabian Schar,NEW,Newcastle,DEF,5,4,0,0,4,true,sr:player:101882
Andreas Pereira,FUL,Fulham,MID,18,2,4,0,4,true,sr:player:285949
Joao Gomes,WOL,Wolverhampton,MID,8,3,1,0,3.5,true,sr:player:2014161
Eddie Nketiah,CRY,Crystal Palace,FWD,9,3,1,0,3.5,true,sr:player:937000
Jota Silva,NFO,Nottingham,FWD,20,3,1,0,3.5,true,sr:player:2068145
Julio Enciso,BRI,Brighton,FWD,31,2,3,0,3.5,true,sr:player:1720568
Carlos Baleba,BRI,Brighton,MID,17,3,1,0,3.5,true,sr:player:2327301
Joshua Zirkzee,MUN,Manchester United,FWD,11,3,1,0,3.5,true,sr:player:1382367
Aaron Wan-Bissaka,WHU,West Ham,DEF,29,2,5,1,3.5,true,sr:player:1086144
Trevoh Chalobah,CHE,Chelsea,DEF,23,3,1,0,3.5,true,sr:player:936112
Ross Barkley,AVL,Aston Villa,MID,6,3,1,0,3.5,true,sr:player:98435
Gabriel Magalhaes,ARS,Arsenal,DEF,6,3,1,0,3.5,true,sr:player:1099395
Virgil van Dijk,LFC,Liverpool,DEF,4,3,1,0,3.5,true,sr:player:151545
Carlos Alcaraz,EVE,Everton,MID,24,2,3,0,3.5,true,sr:player:2005163
Nathan Collins,BRE,Brentford,DEF,22,2,3,0,3.5,true,sr:player:1069190
Ryan Christie,BOU,Bournemouth,FWD,10,2,3,0,3.5,true,sr:player:322391
James McAtee,MCI,Manchester City,MID,87,3,0,0,3,true,sr:player:2221700
Tariq Lamptey,BRI,Brighton,DEF,2,2,2,0,3,true,sr:player:1297724
Mats Wieffer,BRI,Brighton,MID,27,1,4,0,3,true,sr:player:1621256
Brajan Gruda,BRI,Brighton,MID,8,1,4,0,3,true,sr:player:2541095
John McGinn,AVL,Aston Villa,MID,7,1,4,0,3,true,sr:player:250223
Donyell Malen,AVL,Aston Villa,FWD,17,3,0,0,3,true,sr:player:815746
Amadou Onana,AVL,Aston Villa,MID,24,3,0,0,3,true,sr:player:1402475
Simon Adingra,SUN,Sunderland,FWD,,2,2,0,3,true,sr:player:2142670
Gabriel Jesus,ARS,Arsenal,FWD,9,3,0,0,3,true,sr:player:835751
Michael Keane,EVE,Everton,DEF,5,3,0,0,3,true,sr:player:110846
Marshall Munetsi,WOL,Wolverhampton,MID,5,2,1,0,2.5,true,sr:player:1257248
Tyrick Mitchell,CRY,Crystal Palace,DEF,3,0,5,0,2.5,true,sr:player:1984029
Ola Aina,NFO,Nottingham,DEF,34,2,1,0,2.5,true,sr:player:284421
Ryan Yates,NFO,Nottingham,MID,22,2,1,0,2.5,true,sr:player:1014789
Neco Williams,NFO,Nottingham,DEF,3,1,3,0,2.5,true,sr:player:1298482
Yasin Ayari,BRI,Brighton,MID,26,2,1,0,2.5,true,sr:player:2052205
Mathys Tel,TOT,Tottenham,FWD,11,2,1,0,2.5,false,sr:player:2059277
Lisandro Martinez,MUN,Manchester United,DEF,6,2,1,0,2.5,true,sr:player:1134755
Emerson Emerson,WHU,West Ham,DEF,33,2,1,0,2.5,true,sr:player:155997
Levi Colwill,CHE,Chelsea,DEF,6,2,1,0,2.5,true,sr:player:1947798
Jacob Ramsey,AVL,Aston Villa,MID,41,1,3,0,2.5,true,sr:player:1705555
Jurrien Timber,ARS,Arsenal,DEF,12,1,3,0,2.5,true,sr:player:1059325
Riccardo Calafiori,ARS,Arsenal,DEF,33,2,1,0,2.5,true,sr:player:1297524
Keane Lewis-Potter,BRE,Brentford,FWD,23,1,3,0,2.5,true,sr:player:1662121
Fabio Carvalho,BRE,Brentford,MID,14,2,1,0,2.5,true,sr:player:2074545
Enes Unal,BOU,Bournemouth,FWD,26,2,1,0,2.5,true,sr:player:336655
Lewis Cook,BOU,Bournemouth,MID,4,1,3,0,2.5,true,sr:player:548188
Hwang Hee-chan,WOL,Wolverhampton,FWD,11,2,0,0,2,true,sr:player:754008
Rodrigo Gomes,WOL,Wolverhampton,FWD,21,2,0,0,2,true,sr:player:1987419
Murillo Santiago Murillo,NFO,Nottingham,MID,5,2,0,0,2,true,sr:player:2361593
John Stones,MCI,Manchester City,DEF,5,2,0,0,2,true,sr:player:152077
Ederson Ederson,MCI,Manchester City,GK,31,0,4,0,2,true,sr:player:254491
Rico Lewis,MCI,Manchester City,DEF,82,1,2,0,2,true,sr:player:2246775
Nico O'Reilly,MCI,Manchester City,MID,75,2,0,0,2,true,sr:player:2265485
Matt O'Riley,BRI,Brighton,MID,33,2,2,1,2,true,sr:player:1245272
Rodrigo Bentancur,TOT,Tottenham,MID,30,2,0,0,2,true,sr:player:810644
Yves Bissouma,TOT,Tottenham,MID,8,2,0,0,2,true,sr:player:1010967
Matthijs de Ligt,MUN,Manchester United,DEF,4,2,0,0,2,true,sr:player:815732
James Ward-Prowse,WHU,West Ham,MID,8,1,2,0,2,true,sr:player:161717
Reece James,CHE,Chelsea,DEF,24,1,2,0,2,true,sr:player:1140070
Moises Caicedo,CHE,Chelsea,MID,25,1,2,0,2,true,sr:player:1796106
Lewis Hall,NEW,Newcastle,DEF,20,0,4,0,2,true,sr:player:2249331
Lucas Digne,AVL,Aston Villa,DEF,12,0,4,0,2,true,sr:player:96538
Leon Bailey,AVL,Aston Villa,FWD,31,1,2,0,2,true,sr:player:883594
Ezri Konsa,AVL,Aston Villa,DEF,4,2,0,0,2,true,sr:player:942488
Ian Maatsen,AVL,Aston Villa,DEF,22,1,2,0,2,true,sr:player:1613022
William Saliba,ARS,Arsenal,DEF,2,2,0,0,2,true,sr:player:1513599
Ibrahima Konate,LFC,Liverpool,DEF,5,1,2,0,2,true,sr:player:936572
Ryan Gravenberch,LFC,Liverpool,MID,38,0,4,0,2,true,sr:player:1319220
Harvey Elliott,LFC,Liverpool,MID,19,1,2,0,2,true,sr:player:1604594
Vitaliy Mykolenko,EVE,Everton,DEF,19,1,2,0,2,true,sr:player:935132
Jake O'Brien,EVE,Everton,DEF,15,2,0,0,2,true,sr:player:1645136
David Brooks,BOU,Bournemouth,MID,7,2,0,0,2,true,sr:player:1056631
Matt Doherty,WOL,Wolverhampton,DEF,2,2,1,1,1.5,true,sr:player:143047
Will Hughes,CRY,Crystal Palace,MID,19,0,3,0,1.5,true,sr:player:193554
Justin Devenny,CRY,Crystal Palace,MID,55,1,1,0,1.5,true,sr:player:2325471
Romain Esse,CRY,Crystal Palace,MID,21,1,1,0,1.5,true,sr:player:2530513
Jack Grealish,MCI,Manchester City,MID,10,1,1,0,1.5,true,sr:player:189061
Jan Paul van Hecke,BRI,Brighton,DEF,6,1,1,0,1.5,true,sr:player:1630352
Jack Harrison,LEE,Leeds United,MID,38,1,1,0,1.5,false,sr:player:951350
Diogo Dalot,MUN,Manchester United,DEF,2,0,3,0,1.5,true,sr:player:817522
Manuel Ugarte,MUN,Manchester United,MID,25,1,3,1,1.5,true,sr:player:1016803
Crysencio Summerville,WHU,West Ham,FWD,7,1,1,0,1.5,true,sr:player:1298504
Tosin Adarabioyo,CHE,Chelsea,DEF,4,1,1,0,1.5,true,sr:player:352668
Lesley Ugochukwu,CHE,Chelsea,MID,16,1,1,0,1.5,true,sr:player:2059271
Tyrique George,CHE,Chelsea,MID,32,1,1,0,1.5,true,sr:player:2437845
Kieran Trippier,NEW,Newcastle,DEF,2,0,3,0,1.5,true,sr:player:69256
Matty Cash,AVL,Aston Villa,DEF,2,1,1,0,1.5,true,sr:player:968907
Reiss Nelson,ARS,Arsenal,FWD,24,1,1,0,1.5,true,sr:player:936316
Idrissa Gana Gueye,EVE,Everton,MID,27,0,3,0,1.5,true,sr:player:106337
James Tarkowski,EVE,Everton,DEF,6,1,1,0,1.5,true,sr:player:145188
Tyler Adams,BOU,Bournemouth,MID,12,0,3,0,1.5,true,sr:player:809778
Luis Sinisterra,BOU,Bournemouth,FWD,17,1,1,0,1.5,true,sr:player:1124571
Emmanuel Agbadou,WOL,Wolverhampton,DEF,12,1,0,0,1,true,sr:player:2062765
Marc Guehi,CRY,Crystal Palace,DEF,6,3,2,3,1,true,sr:player:936120
Chris Richards,CRY,Crystal Palace,DEF,26,1,0,0,1,true,sr:player:1512315
Matheus Franca,CRY,Crystal Palace,MID,11,1,0,0,1,true,sr:player:2185650
Adam Wharton,CRY,Crystal Palace,MID,20,0,2,0,1,true,sr:player:2284355
Taiwo Awoniyi,NFO,Nottingham,FWD,9,1,0,0,1,true,sr:player:359664
Nicolas Gonzalez,MCI,Manchester City,MID,14,1,0,0,1,true,sr:player:1600852
Ferdi Kadioglu,BRI,Brighton,DEF,24,1,0,0,1,true,sr:player:934224
Diego Gomez,BRI,Brighton,MID,25,1,0,0,1,true,sr:player:2070005
Cristian Romero,TOT,Tottenham,DEF,17,1,0,0,1,true,sr:player:952278
Djed Spence,TOT,Tottenham,DEF,24,1,2,1,1,true,sr:player:1564490
Micky van de Ven,TOT,Tottenham,DEF,37,0,2,0,1,true,sr:player:1938216
Wilson Odobert,TOT,Tottenham,FWD,28,1,0,0,1,true,sr:player:2239979
Carlos Henrique Casemiro,MUN,Manchester United,MID,18,1,0,0,1,true,sr:player:122951
Harry Maguire,MUN,Manchester United,DEF,5,1,0,0,1,true,sr:player:149380
Mason Mount,MUN,Manchester United,MID,7,1,0,0,1,true,sr:player:936126
Noussair Mazraoui,MUN,Manchester United,DEF,3,0,2,0,1,true,sr:player:943506
Kyle Walker-Peters,WHU,West Ham,DEF,2,0,2,0,1,true,sr:player:920380
Raheem Sterling,CHE,Chelsea,FWD,,0,2,0,1,true,sr:player:138534
Ben Chilwell,CHE,Chelsea,DEF,21,1,0,0,1,true,sr:player:754594
Axel Disasi,CHE,Chelsea,DEF,2,1,0,0,1,true,sr:player:940716
Joe Willock,NEW,Newcastle,MID,28,0,2,0,1,true,sr:player:937002
William Osula,NEW,Newcastle,FWD,18,1,0,0,1,true,sr:player:2161264
Lewis Miley,NEW,Newcastle,MID,67,1,0,0,1,true,sr:player:2558327
Boubacar Kamara,AVL,Aston Villa,MID,44,1,0,0,1,true,sr:player:936566
Ben White,ARS,Arsenal,DEF,4,0,2,0,1,true,sr:player:1015179
Jakub Kiwior,ARS,Arsenal,DEF,15,1,0,0,1,true,sr:player:1091644
Myles Lewis-Skelly,ARS,Arsenal,MID,49,1,0,0,1,true,sr:player:2518835
Kenny Tete,FUL,Fulham,DEF,2,0,2,0,1,true,sr:player:190877
Sasa Lukic,FUL,Fulham,MID,20,0,2,0,1,true,sr:player:280823
Calvin Bassey,FUL,Fulham,DEF,3,1,0,0,1,true,sr:player:1055149
Conor Bradley,LFC,Liverpool,DEF,12,0,2,0,1,true,sr:player:1939996
Mathias Jensen,BRE,Brentford,MID,8,0,2,0,1,true,sr:player:775687
Mads Roerslev,BRE,Brentford,DEF,30,0,2,0,1,true,sr:player:935526
Ethan Pinnock,BRE,Brentford,DEF,5,2,0,1,1,true,sr:player:1056935
Toti Gomes,WOL,Wolverhampton,DEF,24,0,1,0,0.5,true,sr:player:1687671
Jefferson Lerma,CRY,Crystal Palace,MID,8,0,1,0,0.5,true,sr:player:355796
Ibrahim Sangare,NFO,Nottingham,MID,6,0,1,0,0.5,true,sr:player:1017603
Nicolas Dominguez,NFO,Nottingham,MID,16,0,1,0,0.5,true,sr:player:1103661
Bart Verbruggen,BRI,Brighton,GK,1,0,1,0,0.5,true,sr:player:1859404
Dane Scarlett,TOT,Tottenham,FWD,44,0,1,0,0.5,true,sr:player:1939870
Lucas Bergvall,TOT,Tottenham,MID,15,0,1,0,0.5,true,sr:player:2397923
Sean Longstaff,LEE,Leeds United,MID,8,0,1,0,0.5,true,sr:player:1090782
Guido Rodriguez,WHU,West Ham,MID,24,0,1,0,0.5,true,sr:player:609752
Edson Alvarez,WHU,West Ham,MID,19,0,1,0,0.5,true,sr:player:1020079
Max Kilman,WHU,West Ham,DEF,3,0,1,0,0.5,true,sr:player:1263492
Kiernan Dewsbury-Hall,CHE,Chelsea,MID,22,0,1,0,0.5,true,sr:player:1055173
Malo Gusto,CHE,Chelsea,DEF,27,0,1,0,0.5,true,sr:player:1948364
Romeo Lavia,CHE,Chelsea,MID,45,0,1,0,0.5,true,sr:player:2221794
Tino Livramento,NEW,Newcastle,DEF,21,0,1,0,0.5,true,sr:player:1643746
Alex Moreno,AVL,Aston Villa,FWD,15,0,1,0,0.5,true,sr:player:294593
Oleksandr Zinchenko,ARS,Arsenal,DEF,17,0,1,0,0.5,true,sr:player:287643
Bernd Leno,FUL,Fulham,GK,1,0,1,0,0.5,true,sr:player:103335
Timothy Castagne,FUL,Fulham,DEF,21,0,1,0,0.5,true,sr:player:329417
Kostas Tsimikas,LFC,Liverpool,DEF,21,0,1,0,0.5,true,sr:player:605434
Jordan Pickford,EVE,Everton,GK,1,0,1,0,0.5,true,sr:player:138530
James Garner,EVE,Everton,MID,37,0,1,0,0.5,true,sr:player:1297412
Nathan Patterson,EVE,Everton,DEF,2,0,1,0,0.5,true,sr:player:1381883
Jarrad Branthwaite,EVE,Everton,MID,32,0,1,0,0.5,true,sr:player:1720484
Tim Iroegbunam,EVE,Everton,MID,42,0,1,0,0.5,true,sr:player:2161262
Vitaly Janelt,BRE,Brentford,MID,27,1,3,2,0.5,true,sr:player:822586
Michael Kayode,BRE,Brentford,DEF,33,0,1,0,0.5,false,sr:player:2164250
Illia Zabarnyi,BOU,Bournemouth,DEF,27,0,1,0,0.5,true,sr:player:1631296
James Hill,BOU,Bournemouth,DEF,23,0,1,0,0.5,true,sr:player:1653565
Sam Johnstone,WOL,Wolverhampton,GK,31,0,0,0,0,true,sr:player:98427
Daniel Bentley,WOL,Wolverhampton,GK,25,0,0,0,0,true,sr:player:101367
Jose Sa,WOL,Wolverhampton,GK,1,0,0,0,0,true,sr:player:252669
Tom King,WOL,Wolverhampton,GK,40,0,0,0,0,true,sr:player:603922
Santiago Bueno,WOL,Wolverhampton,DEF,4,0,0,0,0,true,sr:player:1016089
Sasa Kalajdzic,WOL,Wolverhampton,FWD,18,0,0,0,0,true,sr:player:1100395
Fabio Silva,WOL,Wolverhampton,FWD,20,0,0,0,0,true,sr:player:1302644
Jhon Arias,WOL,Wolverhampton,FWD,10,0,0,0,0,false,sr:player:1408017
Ki-Jana Hoever,WOL,Wolverhampton,DEF,26,0,0,0,0,true,sr:player:1626020
David Moller Wolfe,WOL,Wolverhampton,DEF,,0,0,0,0,false,sr:player:1724924
Yerson Mosquera,WOL,Wolverhampton,DEF,15,0,0,0,0,true,sr:player:1769162
Andre Andre,WOL,Wolverhampton,MID,7,0,0,0,0,true,sr:player:2057387
Hugo Bueno,WOL,Wolverhampton,DEF,3,0,0,0,0,true,sr:player:2121872
Tawanda Chirewa,WOL,Wolverhampton,MID,23,0,0,0,0,true,sr:player:2337541
Enso Gonzalez,WOL,Wolverhampton,FWD,30,0,0,0,0,true,sr:player:2434771
Nathan Fraser,WOL,Wolverhampton,FWD,63,0,0,0,0,true,sr:player:2491031
Pedro Lima,WOL,Wolverhampton,DEF,37,0,0,0,0,true,sr:player:2714234
Fer Lopez,WOL,Wolverhampton,FWD,28,0,0,0,0,false,sr:player:2887483
Mateus Mane,WOL,Wolverhampton,FWD,36,0,0,0,0,true,sr:player:2949071
Ashley Barnes,BUR,Burnley,FWD,35,0,0,0,0,false,sr:player:27028
Kyle Walker,BUR,Burnley,DEF,,0,0,0,0,true,sr:player:44614
Vaclav Hladky,BUR,Burnley,GK,32,0,0,0,0,false,sr:player:151518
Josh Laurent,BUR,Burnley,MID,29,0,0,0,0,false,sr:player:552036
Benson Manuel,BUR,Burnley,FWD,10,0,0,0,0,false,sr:player:552632
Jacob Bruun Larsen,BUR,Burnley,FWD,,0,0,0,0,false,sr:player:756428
Marcus Edwards,BUR,Burnley,FWD,22,0,0,0,0,false,sr:player:769109
Josh Cullen,BUR,Burnley,MID,24,0,0,0,0,false,sr:player:816106
Connor Roberts,BUR,Burnley,DEF,14,0,0,0,0,false,sr:player:869092
Hjalmar Ekdal,BUR,Burnley,DEF,18,0,0,0,0,false,sr:player:914348
Hannes Delcroix,BUR,Burnley,DEF,44,0,0,0,0,false,sr:player:936432
MIke Tresor,BUR,Burnley,FWD,31,0,0,0,0,false,sr:player:936458
Zian Flemming,BUR,Burnley,MID,19,0,0,0,0,false,sr:player:945378
Joe Worrall,BUR,Burnley,DEF,4,0,0,0,0,true,sr:player:948682
Jordan Beyer,BUR,Burnley,DEF,13,0,0,0,0,false,sr:player:1047255
Darko Churlinov,BUR,Burnley,MID,27,0,0,0,0,false,sr:player:1080062
Lyle Foster,BUR,Burnley,FWD,17,0,0,0,0,false,sr:player:1298608
Shurandy Sambo,BUR,Burnley,DEF,3,0,0,0,0,false,sr:player:1382065
Michael Obafemi,BUR,Burnley,FWD,45,0,0,0,0,false,sr:player:1392219
Hannibal Hannibal,BUR,Burnley,MID,28,0,0,0,0,true,sr:player:1643946
Maxime Esteve,BUR,Burnley,DEF,5,0,0,0,0,false,sr:player:1644602
Zeki Amdouni,BUR,Burnley,FWD,25,0,0,0,0,false,sr:player:1832252
Oliver Sonne,BUR,Burnley,DEF,2,0,0,0,0,false,sr:player:1848664
Loum Tchaouna,BUR,Burnley,FWD,,0,0,0,0,false,sr:player:1975811
Bashir Humphreys,BUR,Burnley,DEF,12,0,0,0,0,true,sr:player:1984739
Etienne Green,BUR,Burnley,GK,20,0,0,0,0,false,sr:player:2058603
Jaidon Anthony,BUR,Burnley,FWD,11,0,0,0,0,true,sr:player:2070595
Lucas Pires,BUR,Burnley,DEF,23,0,0,0,0,false,sr:player:2200574
Aaron Ramsey,BUR,Burnley,MID,21,0,0,0,0,false,sr:player:2208306
Jaydon Banel,BUR,Burnley,FWD,34,0,0,0,0,false,sr:player:2239965
Max Weiss,BUR,Burnley,GK,,0,0,0,0,false,sr:player:2242613
Oluwaseun Adewumi,BUR,Burnley,FWD,,0,0,0,0,false,sr:player:2331679
Enock Agyei,BUR,Burnley,FWD,48,0,0,0,0,false,sr:player:2355173
Luca Koleosho,BUR,Burnley,FWD,30,0,0,0,0,false,sr:player:2358299
Quilindschy Hartman,BUR,Burnley,DEF,,0,0,0,0,false,sr:player:2411801
Nathaniel Clyne,CRY,Crystal Palace,DEF,17,0,0,0,0,true,sr:player:43215
Walter Benitez,CRY,Crystal Palace,GK,,0,0,0,0,false,sr:player:249859
Dean Henderson,CRY,Crystal Palace,GK,1,0,0,0,0,true,sr:player:353202
Borna Sosa,CRY,Crystal Palace,DEF,,0,0,0,0,false,sr:player:357584
Remi Matthews,CRY,Crystal Palace,GK,31,0,0,0,0,true,sr:player:581610
Odsonne Edouard,CRY,Crystal Palace,FWD,22,0,0,0,0,true,sr:player:769147
Daichi Kamada,CRY,Crystal Palace,MID,18,0,0,0,0,true,sr:player:827253
Cheick Oumar Doucoure,CRY,Crystal Palace,MID,28,0,0,0,0,true,sr:player:1322160
Naouirou Ahamada,CRY,Crystal Palace,MID,29,0,0,0,0,true,sr:player:1644134
Chadi Riad,CRY,Crystal Palace,DEF,34,0,0,0,0,true,sr:player:2070773
Jesuran Rak-Sakyi,CRY,Crystal Palace,MID,49,0,0,0,0,true,sr:player:2144758
Malcolm Ebiowei,CRY,Crystal Palace,FWD,23,0,0,0,0,true,sr:player:2292499
Kaden Rodney,CRY,Crystal Palace,MID,42,0,0,0,0,true,sr:player:2426383
Zach Marsh,CRY,Crystal Palace,FWD,63,0,0,0,0,true,sr:player:2652955
Franco Umeh Chibueze,CRY,Crystal Palace,FWD,46,0,0,0,0,true,sr:player:2769695
Asher Agbinone,CRY,Crystal Palace,FWD,64,0,0,0,0,true,sr:player:2836701
Caleb Kporha,CRY,Crystal Palace,DEF,58,0,0,0,0,true,sr:player:2836707
Wayne Hennessey,NFO,Nottingham,GK,13,0,0,0,0,true,sr:player:16620
Matz Sels,NFO,Nottingham,GK,26,0,0,0,0,true,sr:player:78152
Willy Boly,NFO,Nottingham,DEF,30,0,0,0,0,true,sr:player:139310
Emmanuel Dennis,NFO,Nottingham,FWD,25,0,0,0,0,true,sr:player:1010017
Josh Bowler,NFO,Nottingham,MID,38,0,0,0,0,true,sr:player:1132695
David Carmo,NFO,Nottingham,DEF,36,0,0,0,0,true,sr:player:1248558
Omar Richards,NFO,Nottingham,DEF,27,0,0,0,0,true,sr:player:1249404
Dan Ndoye,NFO,Nottingham,FWD,14,0,0,0,0,false,sr:player:1556269
Dale Taylor,NFO,Nottingham,FWD,37,0,0,0,0,true,sr:player:1642886
Carlos Miguel Carlos Miguel,NFO,Nottingham,GK,33,0,0,0,0,true,sr:player:1692807
Igor Jesus Igor Jesus,NFO,Nottingham,FWD,19,0,0,0,0,false,sr:player:1744189
Felipe Morato,NFO,Nottingham,DEF,4,0,0,0,0,true,sr:player:1888546
Marko Stamenic,NFO,Nottingham,MID,32,0,0,0,0,true,sr:player:1957333
Jair Cunha,NFO,Nottingham,DEF,,0,0,0,0,false,sr:player:2407025
Zach Abbott,NFO,Nottingham,DEF,44,0,0,0,0,true,sr:player:2426393
Eric da Silva Moreira,NFO,Nottingham,DEF,17,0,0,0,0,true,sr:player:2610745
Aaron Bott,NFO,Nottingham,GK,63,0,0,0,0,false,sr:player:2653119
Jimmy Sinclair,NFO,Nottingham,MID,61,0,0,0,0,false,sr:player:3024884
Archie Whitehall,NFO,Nottingham,MID,51,0,0,0,0,false,sr:player:3024886
Adam Berry,NFO,Nottingham,FWD,99,0,0,0,0,false,sr:player:3024888
Stefan Ortega,MCI,Manchester City,GK,18,0,0,0,0,true,sr:player:125274
Nathan Ake,MCI,Manchester City,DEF,6,0,0,0,0,true,sr:player:149663
Marcus Bettinelli,MCI,Manchester City,GK,13,0,0,0,0,true,sr:player:257993
Manuel Akanji,MCI,Manchester City,DEF,25,0,0,0,0,true,sr:player:383560
Kalvin Phillips,MCI,Manchester City,MID,4,0,0,0,0,true,sr:player:790679
Rodrigo Rodri,MCI,Manchester City,MID,16,0,0,0,0,true,sr:player:844073
Tijani Reijnders,MCI,Manchester City,MID,4,0,0,0,0,false,sr:player:1253990
Rayan Cherki,MCI,Manchester City,MID,29,0,0,0,0,false,sr:player:1601352
James Trafford,MCI,Manchester City,GK,1,0,0,0,0,false,sr:player:1724642
Issa Kabore,MCI,Manchester City,DEF,78,0,0,0,0,true,sr:player:1869664
Oscar Bobb,MCI,Manchester City,MID,52,0,0,0,0,true,sr:player:1956474
Josh Wilson-Esbrand,MCI,Manchester City,DEF,97,0,0,0,0,true,sr:player:2223424
Sverre Nypan,MCI,Manchester City,MID,,0,0,0,0,false,sr:player:2284895
Lakyle Samuel,MCI,Manchester City,DEF,95,0,0,0,0,true,sr:player:2437719
Claudio Echeverri,MCI,Manchester City,MID,30,0,0,0,0,true,sr:player:2616751
Vitor Reis,MCI,Manchester City,DEF,22,0,0,0,0,true,sr:player:2714228
Stephen Mfuni,MCI,Manchester City,DEF,91,0,0,0,0,true,sr:player:2714276
James Milner,BRI,Brighton,MID,20,0,0,0,0,true,sr:player:791
Jason Steele,BRI,Brighton,GK,23,0,0,0,0,true,sr:player:31867
Adam Webster,BRI,Brighton,DEF,4,0,0,0,0,true,sr:player:216308
Joel Veltman,BRI,Brighton,DEF,34,0,0,0,0,true,sr:player:219572
Solly March,BRI,Brighton,MID,7,0,0,0,0,true,sr:player:301288
Olivier Boscagli,BRI,Brighton,DEF,21,0,0,0,0,false,sr:player:545968
Igor Julio Igor,BRI,Brighton,DEF,3,0,0,0,0,true,sr:player:1008323
Tom McGill,BRI,Brighton,GK,38,0,0,0,0,true,sr:player:1089756
Maxim De Cuyper,BRI,Brighton,DEF,29,0,0,0,0,false,sr:player:1624310
Jeremy Sarmiento,BRI,Brighton,FWD,16,0,0,0,0,true,sr:player:1793748
Andy Moran,BRI,Brighton,MID,35,0,0,0,0,true,sr:player:1952162
Abdallah Sima,BRI,Brighton,FWD,37,0,0,0,0,true,sr:player:2073733
Diego Coppola,BRI,Brighton,DEF,42,0,0,0,0,false,sr:player:2205602
Stefanos Tzimas,BRI,Brighton,FWD,9,0,0,0,0,true,sr:player:2505175
Tom Watson,BRI,Brighton,FWD,14,0,0,0,0,false,sr:player:2535393
Charalampos Kostoulas,BRI,Brighton,FWD,19,0,0,0,0,false,sr:player:2544947
Malick Yalcouye,BRI,Brighton,MID,36,0,0,0,0,true,sr:player:2733788
Ben Davies,TOT,Tottenham,DEF,33,0,0,0,0,true,sr:player:94758
Joao Palhinha,TOT,Tottenham,MID,16,0,0,0,0,false,sr:player:364612
Guglielmo Vicario,TOT,Tottenham,GK,1,0,0,0,0,true,sr:player:553606
Kevin Danso,TOT,Tottenham,DEF,4,0,0,0,0,false,sr:player:803610
Manor Solomon,TOT,Tottenham,MID,27,0,0,0,0,true,sr:player:936696
Brandon Austin,TOT,Tottenham,GK,40,0,0,0,0,true,sr:player:1058637
Bryan Gil Bryan Gil,TOT,Tottenham,MID,11,0,0,0,0,true,sr:player:1298208
Radu Dragusin,TOT,Tottenham,DEF,6,0,0,0,0,true,sr:player:1642306
Antonin Kinsky,TOT,Tottenham,GK,31,0,0,0,0,true,sr:player:1726752
Alfie Devine,TOT,Tottenham,MID,45,0,0,0,0,true,sr:player:2116424
Kota Takai,TOT,Tottenham,DEF,,0,0,0,0,false,sr:player:2298329
Jamie Donley,TOT,Tottenham,FWD,43,0,0,0,0,true,sr:player:2438217
Tyrese Hall,TOT,Tottenham,MID,49,0,0,0,0,true,sr:player:2443355
Luka Vuskovic,TOT,Tottenham,DEF,80,0,0,0,0,false,sr:player:2443361
Callum Olusesi,TOT,Tottenham,MID,64,0,0,0,0,true,sr:player:2463947
William Lankshear,TOT,Tottenham,FWD,42,0,0,0,0,true,sr:player:2469939
George Abbott,TOT,Tottenham,MID,50,0,0,0,0,false,sr:player:2592911
Yang Min-hyeok,TOT,Tottenham,MID,18,0,0,0,0,true,sr:player:2626595
Rio Kyerematen,TOT,Tottenham,MID,57,0,0,0,0,true,sr:player:2807271
Dante Cassanova,TOT,Tottenham,DEF,59,0,0,0,0,true,sr:player:2871221
Luca Williams-Barnet,TOT,Tottenham,FWD,78,0,0,0,0,true,sr:player:2891569
Karl Darlow,LEE,Leeds United,GK,26,0,0,0,0,false,sr:player:123689
Alex Cairns,LEE,Leeds United,GK,21,0,0,0,0,false,sr:player:162417
Patrick Bamford,LEE,Leeds United,FWD,9,0,0,0,0,false,sr:player:204336
Sam Byram,LEE,Leeds United,DEF,25,0,0,0,0,false,sr:player:254713
Daniel James,LEE,Leeds United,FWD,7,0,0,0,0,false,sr:player:355520
Lukas Nmecha,LEE,Leeds United,FWD,14,0,0,0,0,false,sr:player:769115
Ao Tanaka,LEE,Leeds United,MID,22,0,0,0,0,false,sr:player:772795
Sebastiaan Bornauw,LEE,Leeds United,DEF,23,0,0,0,0,false,sr:player:936428
Joe Rodon,LEE,Leeds United,DEF,6,0,0,0,0,false,sr:player:948750
Gabriel Gudmundsson,LEE,Leeds United,DEF,3,0,0,0,0,false,sr:player:971145
Ethan Ampadu,LEE,Leeds United,DEF,4,0,0,0,0,false,sr:player:974231
Pascal Struijk,LEE,Leeds United,DEF,5,0,0,0,0,false,sr:player:978125
Anton Stach,LEE,Leeds United,MID,18,0,0,0,0,false,sr:player:1021607
Joel Piroe,LEE,Leeds United,FWD,10,0,0,0,0,false,sr:player:1058433
Ilia Gruev,LEE,Leeds United,MID,44,0,0,0,0,false,sr:player:1065580
Lucas Perri,LEE,Leeds United,GK,,0,0,0,0,false,sr:player:1121667
Jaka Bijol,LEE,Leeds United,DEF,15,0,0,0,0,false,sr:player:1233436
Largie Ramazani,LEE,Leeds United,FWD,17,0,0,0,0,false,sr:player:1297422
Illan Meslier,LEE,Leeds United,GK,1,0,0,0,0,false,sr:player:1322902
Brenden Aaronson,LEE,Leeds United,MID,11,0,0,0,0,false,sr:player:1398657
Jayden Bogle,LEE,Leeds United,DEF,2,0,0,0,0,false,sr:player:1423711
Joe Gelhardt,LEE,Leeds United,FWD,30,0,0,0,0,false,sr:player:1564534
Sam Greenwood,LEE,Leeds United,FWD,19,0,0,0,0,false,sr:player:1724640
Isaac Schmidt,LEE,Leeds United,MID,33,0,0,0,0,false,sr:player:1830502
Gnonto Wilfried,LEE,Leeds United,FWD,29,0,0,0,0,false,sr:player:1949774
Charlie Crew,LEE,Leeds United,MID,50,0,0,0,0,false,sr:player:2256197
Darko Gyabi,LEE,Leeds United,MID,18,0,0,0,0,false,sr:player:2269345
Mateo Joseph Mateo Joseph,LEE,Leeds United,FWD,19,0,0,0,0,false,sr:player:2491027
Harry Gray,LEE,Leeds United,FWD,45,0,0,0,0,false,sr:player:2974627
Rhys Chadwick,LEE,Leeds United,MID,51,0,0,0,0,false,sr:player:3024882
Tom Heaton,MUN,Manchester United,GK,22,0,0,0,0,true,sr:player:18122
Andre Onana,MUN,Manchester United,GK,24,0,0,0,0,true,sr:player:772389
Altay Bayindir,MUN,Manchester United,GK,1,0,0,0,0,true,sr:player:909328
Tyrell Malacia,MUN,Manchester United,DEF,12,0,0,0,0,true,sr:player:934214
Antony Matheus Antony,MUN,Manchester United,FWD,21,0,0,0,0,true,sr:player:1614982
Dermot Mee,MUN,Manchester United,GK,45,0,0,0,0,true,sr:player:1722064
Leny Yoro,MUN,Manchester United,DEF,15,0,0,0,0,true,sr:player:2264779
Kobbie Mainoo,MUN,Manchester United,MID,37,0,0,0,0,true,sr:player:2264945
Tyler Fredricson,MUN,Manchester United,DEF,33,0,0,0,0,true,sr:player:2264953
Ethan Williams,MUN,Manchester United,MID,56,0,0,0,0,false,sr:player:2271115
Harry Amass,MUN,Manchester United,DEF,41,0,0,0,0,true,sr:player:2534697
Patrick Dorgu,MUN,Manchester United,DEF,13,0,0,0,0,true,sr:player:2631331
Toby Collyer,MUN,Manchester United,MID,43,0,0,0,0,true,sr:player:2651045
Ayden Heaven,MUN,Manchester United,DEF,26,0,0,0,0,true,sr:player:2691816
Chido Obi-Martin,MUN,Manchester United,FWD,32,0,0,0,0,true,sr:player:2711836
Sekou Kone,MUN,Manchester United,DEF,42,0,0,0,0,true,sr:player:2718580
Jack Fletcher,MUN,Manchester United,MID,38,0,0,0,0,true,sr:player:2736255
Bendito Mantato,MUN,Manchester United,MID,70,0,0,0,0,false,sr:player:2758635
Diego Leon,MUN,Manchester United,DEF,30,0,0,0,0,false,sr:player:2828307
Reece Munro,MUN,Manchester United,DEF,65,0,0,0,0,true,sr:player:2883987
Callum Wilson,WHU,West Ham,FWD,,0,0,0,0,true,sr:player:113956
Wes Foderingham,WHU,West Ham,GK,21,0,0,0,0,true,sr:player:187861
Maxwel Cornet,WHU,West Ham,MID,22,0,0,0,0,true,sr:player:280439
Konstantinos Mavropanos,WHU,West Ham,DEF,15,0,0,0,0,true,sr:player:950080
Andy Irving,WHU,West Ham,MID,39,0,0,0,0,true,sr:player:1012359
Nayef Aguerd,WHU,West Ham,DEF,5,0,0,0,0,true,sr:player:1117645
Jean-Clair Todibo,WHU,West Ham,DEF,25,0,0,0,0,false,sr:player:1561172
Krisztian Hegyi,WHU,West Ham,GK,47,0,0,0,0,true,sr:player:1641604
Callum Marshall,WHU,West Ham,FWD,50,0,0,0,0,true,sr:player:2267743
Freddie Potts,WHU,West Ham,MID,32,0,0,0,0,false,sr:player:2275129
Kaelan Casey,WHU,West Ham,DEF,42,0,0,0,0,true,sr:player:2439761
George Earthy,WHU,West Ham,MID,40,0,0,0,0,false,sr:player:2439767
Oliver Scarles,WHU,West Ham,MID,30,0,0,0,0,true,sr:player:2464763
Lewis Orford,WHU,West Ham,MID,61,0,0,0,0,true,sr:player:2488821
El Hadji Malick Diouf,WHU,West Ham,DEF,12,0,0,0,0,false,sr:player:2580219
Luis Guilherme Luis Guilherme,WHU,West Ham,MID,17,0,0,0,0,true,sr:player:2582799
Mohamadou Kante,WHU,West Ham,MID,55,0,0,0,0,true,sr:player:2666299
Airidas Golambeckis,WHU,West Ham,DEF,58,0,0,0,0,false,sr:player:3029476
Preston Fearon,WHU,West Ham,MID,68,0,0,0,0,false,sr:player:3029478
Armando Broja,CHE,Chelsea,FWD,19,0,0,0,0,true,sr:player:1297776
Benoit Badiashile,CHE,Chelsea,DEF,5,0,0,0,0,true,sr:player:1299814
Mykhailo Mudryk,CHE,Chelsea,FWD,10,0,0,0,0,true,sr:player:1299850
Wesley Fofana,CHE,Chelsea,DEF,29,0,0,0,0,true,sr:player:1402953
Robert Sanchez,CHE,Chelsea,GK,1,0,0,0,0,true,sr:player:1500083
Filip Jorgensen,CHE,Chelsea,GK,12,0,0,0,0,true,sr:player:1630632
Gaga Slonina,CHE,Chelsea,GK,44,0,0,0,0,true,sr:player:1712859
David Datro Fofana,CHE,Chelsea,FWD,,0,0,0,0,true,sr:player:2123150
Carney Chukwuemeka,CHE,Chelsea,MID,17,0,0,0,0,true,sr:player:2130086
Dario Essugo,CHE,Chelsea,MID,14,0,0,0,0,false,sr:player:2138640
Alfie Gilchrist,CHE,Chelsea,DEF,42,0,0,0,0,true,sr:player:2249329
Teddy Curd,CHE,Chelsea,GK,43,0,0,0,0,true,sr:player:2253819
Jamie Gittens,CHE,Chelsea,FWD,,0,0,0,0,false,sr:player:2265039
Renato Veiga,CHE,Chelsea,DEF,40,0,0,0,0,true,sr:player:2265643
Jorrel Hato,CHE,Chelsea,DEF,,0,0,0,0,false,sr:player:2268227
Andrey Santos,CHE,Chelsea,MID,17,0,0,0,0,true,sr:player:2284455
Kiano Dyer,CHE,Chelsea,MID,33,0,0,0,0,true,sr:player:2437829
Marc Guiu,CHE,Chelsea,FWD,38,0,0,0,0,true,sr:player:2463239
Josh Acheampong,CHE,Chelsea,DEF,34,0,0,0,0,true,sr:player:2464223
Aaron Anselmino,CHE,Chelsea,MID,30,0,0,0,0,true,sr:player:2625033
Estevao Willian Estevao,CHE,Chelsea,FWD,,0,0,0,0,false,sr:player:2714244
Shumaira Mheuka,CHE,Chelsea,FWD,76,0,0,0,0,true,sr:player:2714264
Reggie Walsh,CHE,Chelsea,MID,81,0,0,0,0,true,sr:player:2956109
Landon Emenalo,CHE,Chelsea,MID,72,0,0,0,0,true,sr:player:2973027
John Ruddy,NEW,Newcastle,GK,26,0,0,0,0,true,sr:player:1131
Martin Dubravka,NEW,Newcastle,GK,1,0,0,0,0,true,sr:player:42209
Mark Gillespie,NEW,Newcastle,GK,29,0,0,0,0,true,sr:player:108508
Odysseas Vlachodimos,NEW,Newcastle,GK,19,0,0,0,0,true,sr:player:138149
Emil Krafth,NEW,Newcastle,DEF,17,0,0,0,0,true,sr:player:150396
Jamaal Lascelles,NEW,Newcastle,DEF,6,0,0,0,0,true,sr:player:153444
Nick Pope,NEW,Newcastle,GK,22,0,0,0,0,true,sr:player:162653
Matt Targett,NEW,Newcastle,DEF,13,0,0,0,0,true,sr:player:368134
Aaron Ramsdale,NEW,Newcastle,GK,32,0,0,0,0,true,sr:player:988185
Sven Botman,NEW,Newcastle,DEF,4,0,0,0,0,true,sr:player:1059315
Harrison Ashby,NEW,Newcastle,DEF,30,0,0,0,0,true,sr:player:1428671
Garang Kuol,NEW,Newcastle,FWD,38,0,0,0,0,true,sr:player:2296791
Alex Murphy,NEW,Newcastle,DEF,37,0,0,0,0,true,sr:player:2306785
Travis Hernes,NEW,Newcastle,MID,45,0,0,0,0,false,sr:player:2552281
Trevan Sanusi,NEW,Newcastle,FWD,75,0,0,0,0,true,sr:player:2604627
Park Seung-soo,NEW,Newcastle,MID,99,0,0,0,0,false,sr:player:2626617
Anthony Munda,NEW,Newcastle,MID,54,0,0,0,0,false,sr:player:2691260
Sean Neave,NEW,Newcastle,FWD,62,0,0,0,0,true,sr:player:2691262
Leo Shahar,NEW,Newcastle,DEF,76,0,0,0,0,true,sr:player:2698834
Alfie Harrison,NEW,Newcastle,MID,98,0,0,0,0,true,sr:player:2723200
Marco Bizot,AVL,Aston Villa,GK,40,0,0,0,0,false,sr:player:100390
Emiliano Martinez,AVL,Aston Villa,GK,23,0,0,0,0,true,sr:player:158263
Leander Dendoncker,AVL,Aston Villa,MID,32,0,0,0,0,true,sr:player:190405
Tyrone Mings,AVL,Aston Villa,DEF,5,0,0,0,0,true,sr:player:303638
Emiliano Buendia,AVL,Aston Villa,MID,10,0,0,0,0,true,sr:player:783126
Pau Torres,AVL,Aston Villa,DEF,14,0,0,0,0,true,sr:player:944170
Joe Gauci,AVL,Aston Villa,GK,18,0,0,0,0,true,sr:player:1619862
Samuel Iling-Junior,AVL,Aston Villa,FWD,59,0,0,0,0,true,sr:player:1969761
Lamare Bogarde,AVL,Aston Villa,MID,26,0,0,0,0,true,sr:player:2115982
Lewis Dobbin,AVL,Aston Villa,FWD,33,0,0,0,0,true,sr:player:2227838
Lino Sousa,AVL,Aston Villa,DEF,,0,0,0,0,true,sr:player:2447721
Andres Garcia,AVL,Aston Villa,MID,16,0,0,0,0,true,sr:player:2529211
Travis Patterson,AVL,Aston Villa,DEF,66,0,0,0,0,true,sr:player:2592559
Triston Rowe,AVL,Aston Villa,DEF,45,0,0,0,0,true,sr:player:2865451
Jamaldeen Jimoh,AVL,Aston Villa,MID,56,0,0,0,0,true,sr:player:2865455
Simon Moore,SUN,Sunderland,GK,21,0,0,0,0,false,sr:player:95461
Granit Xhaka,SUN,Sunderland,MID,34,0,0,0,0,false,sr:player:117777
Alan Browne,SUN,Sunderland,MID,8,0,0,0,0,false,sr:player:247459
Patrick Roberts,SUN,Sunderland,MID,10,0,0,0,0,false,sr:player:361326
Luke O'Nien,SUN,Sunderland,MID,13,0,0,0,0,false,sr:player:365812
Nazariy Rusyn,SUN,Sunderland,MID,15,0,0,0,0,false,sr:player:822670
Reinildo Mandava,SUN,Sunderland,DEF,,0,0,0,0,false,sr:player:929870
Ian Poveda,SUN,Sunderland,FWD,36,0,0,0,0,false,sr:player:1047157
Daniel Ballard,SUN,Sunderland,DEF,5,0,0,0,0,false,sr:player:1057153
Wilson Isidor,SUN,Sunderland,FWD,18,0,0,0,0,false,sr:player:1118043
Aji Alese,SUN,Sunderland,DEF,42,0,0,0,0,false,sr:player:1479622
Dennis Cirkin,SUN,Sunderland,DEF,3,0,0,0,0,false,sr:player:1625956
Timothee Pembele,SUN,Sunderland,DEF,6,0,0,0,0,false,sr:player:1626024
Trai Hume,SUN,Sunderland,DEF,32,0,0,0,0,false,sr:player:1642848
Anthony Patterson,SUN,Sunderland,GK,1,0,0,0,0,false,sr:player:1646414
Enzo Le Fee,SUN,Sunderland,MID,28,0,0,0,0,false,sr:player:1742651
Romaine Mundle,SUN,Sunderland,MID,14,0,0,0,0,false,sr:player:1939866
Leo Fuhr Hjelde,SUN,Sunderland,DEF,33,0,0,0,0,false,sr:player:1956462
Niall Huggins,SUN,Sunderland,FWD,2,0,0,0,0,false,sr:player:1977217
Abdoullah Ba,SUN,Sunderland,MID,17,0,0,0,0,false,sr:player:1986921
Robin Roefs,SUN,Sunderland,GK,,0,0,0,0,false,sr:player:1988303
Jay Matete,SUN,Sunderland,MID,27,0,0,0,0,false,sr:player:1988881
Blondy Nna Noukeu,SUN,Sunderland,GK,16,0,0,0,0,false,sr:player:2051481
Dan Neil,SUN,Sunderland,MID,4,0,0,0,0,false,sr:player:2065843
Jenson Seelt,SUN,Sunderland,DEF,23,0,0,0,0,false,sr:player:2094054
Habib Diarra,SUN,Sunderland,MID,,0,0,0,0,false,sr:player:2202982
Chemsdine Talbi,SUN,Sunderland,FWD,,0,0,0,0,false,sr:player:2229694
Luis Semedo,SUN,Sunderland,FWD,9,0,0,0,0,false,sr:player:2249353
Zak Johnson,SUN,Sunderland,MID,41,0,0,0,0,false,sr:player:2271547
Nectarios Triantis,SUN,Sunderland,DEF,25,0,0,0,0,false,sr:player:2271903
Eliezer Mayenda,SUN,Sunderland,FWD,12,0,0,0,0,false,sr:player:2279477
Pierre Ekwah,SUN,Sunderland,MID,39,0,0,0,0,false,sr:player:2285697
Noah Junior Sadiki,SUN,Sunderland,MID,,0,0,0,0,false,sr:player:2337853
Chris Rigg,SUN,Sunderland,MID,11,0,0,0,0,false,sr:player:2532601
Joe Anderson,SUN,Sunderland,DEF,45,0,0,0,0,false,sr:player:2544725
Ahmed Abdullahi,SUN,Sunderland,FWD,29,0,0,0,0,false,sr:player:2558289
Milan Aleksic,SUN,Sunderland,FWD,30,0,0,0,0,false,sr:player:2692126
Harrison Jones,SUN,Sunderland,MID,50,0,0,0,0,false,sr:player:2774887
Kepa Arrizabalaga,ARS,Arsenal,GK,13,0,0,0,0,true,sr:player:232422
David Raya,ARS,Arsenal,GK,1,0,0,0,0,true,sr:player:581310
Viktor Gyokeres,ARS,Arsenal,FWD,14,0,0,0,0,false,sr:player:869030
Albert Sambi Lokonga,ARS,Arsenal,MID,28,0,0,0,0,true,sr:player:1062142
Fabio Vieira,ARS,Arsenal,MID,21,0,0,0,0,true,sr:player:1300574
Karl Hein,ARS,Arsenal,GK,31,0,0,0,0,true,sr:player:1381979
Martin Zubimendi,ARS,Arsenal,MID,36,0,0,0,0,false,sr:player:1725982
Cristhian Mosquera,ARS,Arsenal,DEF,3,0,0,0,0,false,sr:player:2226006
Tommy Setford,ARS,Arsenal,GK,35,0,0,0,0,true,sr:player:2268223
Alexei Rojas,ARS,Arsenal,GK,51,0,0,0,0,true,sr:player:2605855
Joshua Nichols,ARS,Arsenal,DEF,48,0,0,0,0,true,sr:player:2691828
Louie Copley,ARS,Arsenal,MID,38,0,0,0,0,false,sr:player:2736311
Ismeal Kabia,ARS,Arsenal,FWD,43,0,0,0,0,true,sr:player:2758543
Max Dowman,ARS,Arsenal,MID,56,0,0,0,0,false,sr:player:2862771
Andre Harriman-Annous,ARS,Arsenal,MID,71,0,0,0,0,false,sr:player:2869777
Marli Salmon,ARS,Arsenal,DEF,89,0,0,0,0,false,sr:player:3025524
Benjamin Lecomte,FUL,Fulham,GK,,0,0,0,0,false,sr:player:123207
Harrison Reed,FUL,Fulham,MID,6,0,0,0,0,true,sr:player:365802
Sander Berge,FUL,Fulham,MID,16,0,0,0,0,true,sr:player:566232
Jorge Cuenca,FUL,Fulham,MID,15,0,0,0,0,true,sr:player:1096424
Joshua King,FUL,Fulham,DEF,24,0,0,0,0,true,sr:player:1973247
Martial Godo,FUL,Fulham,MID,47,0,0,0,0,true,sr:player:2426365
Sam Amissah,FUL,Fulham,DEF,35,0,0,0,0,true,sr:player:2650007
Wataru Endo,LFC,Liverpool,MID,3,0,0,0,0,true,sr:player:143040
Alisson Ramses Alisson,LFC,Liverpool,GK,1,0,0,0,0,true,sr:player:243609
Freddie Woodman,LFC,Liverpool,GK,28,0,0,0,0,false,sr:player:284417
Joe Gomez,LFC,Liverpool,DEF,2,0,0,0,0,true,sr:player:318927
Rhys Williams,LFC,Liverpool,DEF,46,0,0,0,0,true,sr:player:976937
Federico Chiesa,LFC,Liverpool,MID,14,0,0,0,0,true,sr:player:1012117
Giorgi Mamardashvili,LFC,Liverpool,GK,25,0,0,0,0,true,sr:player:1060981
Jeremie Frimpong,LFC,Liverpool,DEF,30,0,0,0,0,false,sr:player:1299404
Calvin Ramsey,LFC,Liverpool,DEF,22,0,0,0,0,true,sr:player:1840078
Tyler Morton,LFC,Liverpool,MID,80,0,0,0,0,true,sr:player:1939964
Florian Wirtz,LFC,Liverpool,MID,7,0,0,0,0,false,sr:player:2041927
Hugo Ekitike,LFC,Liverpool,FWD,22,0,0,0,0,false,sr:player:2083977
Stefan Bajcetic,LFC,Liverpool,DEF,43,0,0,0,0,true,sr:player:2264915
Luca Stephenson,LFC,Liverpool,MID,91,0,0,0,0,false,sr:player:2276769
Ben Doak,LFC,Liverpool,MID,50,0,0,0,0,true,sr:player:2281013
Armin Pecsi,LFC,Liverpool,GK,41,0,0,0,0,false,sr:player:2352479
Trey Nyoni,LFC,Liverpool,MID,42,0,0,0,0,true,sr:player:2714270
Rio Ngumoha,LFC,Liverpool,FWD,73,0,0,0,0,true,sr:player:2915821
Seamus Coleman,EVE,Everton,DEF,23,0,0,0,0,true,sr:player:76632
Mark Travers,EVE,Everton,GK,12,0,0,0,0,true,sr:player:934536
Tyler Onyango,EVE,Everton,MID,62,0,0,0,0,true,sr:player:2120438
Harry Tyrer,EVE,Everton,GK,53,0,0,0,0,true,sr:player:2125558
Thierno Barry,EVE,Everton,FWD,11,0,0,0,0,false,sr:player:2203482
Youssef Chermiti,EVE,Everton,FWD,17,0,0,0,0,true,sr:player:2265047
Adam Aznou,EVE,Everton,DEF,39,0,0,0,0,false,sr:player:2691724
Justin Clarke,EVE,Everton,FWD,57,0,0,0,0,false,sr:player:2728688
Harrison Armstrong,EVE,Everton,MID,45,0,0,0,0,true,sr:player:2836855
Isaac Heath,EVE,Everton,FWD,83,0,0,0,0,true,sr:player:2941525
Aled Thomas,EVE,Everton,DEF,90,0,0,0,0,true,sr:player:3029450
Jordan Henderson,BRE,Brentford,MID,6,0,0,0,0,false,sr:player:42694
Kristoffer Ajer,BRE,Brentford,DEF,20,0,0,0,0,true,sr:player:576384
Rico Henry,BRE,Brentford,DEF,3,0,0,0,0,true,sr:player:599128
Caoimhin Kelleher,BRE,Brentford,GK,1,0,0,0,0,true,sr:player:755360
Frank Onyeka,BRE,Brentford,MID,15,0,0,0,0,true,sr:player:959744
Paris Maghoma,BRE,Brentford,MID,32,0,0,0,0,true,sr:player:1058769
Ellery Balcombe,BRE,Brentford,GK,40,0,0,0,0,true,sr:player:1076218
Hakon Valdimarsson,BRE,Brentford,GK,12,0,0,0,0,true,sr:player:1141630
Sepp Van den Berg,BRE,Brentford,DEF,4,0,0,0,0,true,sr:player:1404425
Aaron Hickey,BRE,Brentford,MID,2,0,0,0,0,true,sr:player:1652589
Myles Peart-Harris,BRE,Brentford,MID,25,0,0,0,0,true,sr:player:1724648
Yehor Yarmoliuk,BRE,Brentford,MID,18,0,0,0,0,true,sr:player:1858626
Matthew Cox,BRE,Brentford,GK,13,0,0,0,0,true,sr:player:2065067
Antoni Milambo,BRE,Brentford,MID,17,0,0,0,0,false,sr:player:2190630
Igor Thiago,BRE,Brentford,FWD,9,0,0,0,0,true,sr:player:2232678
Gustavo Nunes,BRE,Brentford,FWD,39,0,0,0,0,true,sr:player:2375191
Romelle Donovan,BRE,Brentford,MID,10,0,0,0,0,false,sr:player:2541105
Michael Olakigbe,BRE,Brentford,FWD,37,0,0,0,0,true,sr:player:2586603
Jayden Meghoma,BRE,Brentford,DEF,21,0,0,0,0,true,sr:player:2611327
Yunus Emre Konak,BRE,Brentford,MID,26,0,0,0,0,true,sr:player:2657821
Benjamin Arthur,BRE,Brentford,DEF,43,0,0,0,0,true,sr:player:2659953
Julian Eyestone,BRE,Brentford,GK,41,0,0,0,0,false,sr:player:2819467
Adam Smith,BOU,Bournemouth,DEF,15,0,0,0,0,true,sr:player:44566
Norberto Murara Neto,BOU,Bournemouth,GK,1,0,0,0,0,true,sr:player:84844
Philip Billing,BOU,Bournemouth,MID,29,0,0,0,0,true,sr:player:548660
Marcos Senesi,BOU,Bournemouth,DEF,5,0,0,0,0,true,sr:player:954708
Djordje Petrovic,BOU,Bournemouth,GK,28,0,0,0,0,true,sr:player:1060571
Chris Mepham,BOU,Bournemouth,DEF,6,0,0,0,0,true,sr:player:1089958
Hamed Junior Traore,BOU,Bournemouth,MID,25,0,0,0,0,true,sr:player:1265202
Romain Faivre,BOU,Bournemouth,MID,21,0,0,0,0,true,sr:player:1368608
Julian Araujo,BOU,Bournemouth,DEF,2,0,0,0,0,true,sr:player:1712141
Will Dennis,BOU,Bournemouth,GK,40,0,0,0,0,true,sr:player:1839276
Adrien Truffert,BOU,Bournemouth,DEF,3,0,0,0,0,false,sr:player:1951496
Alex Paulsen,BOU,Bournemouth,GK,13,0,0,0,0,true,sr:player:1957315
Alex Jay Scott,BOU,Bournemouth,MID,8,0,0,0,0,true,sr:player:2131960
Julio Soler,BOU,Bournemouth,DEF,20,0,0,0,0,true,sr:player:2336441
Matai Akinmboni,BOU,Bournemouth,DEF,45,0,0,0,0,true,sr:player:2431805
Daniel Adu-Adjei,BOU,Bournemouth,FWD,44,0,0,0,0,true,sr:player:2539033
Eli Junior Kroupi,BOU,Bournemouth,FWD,22,0,0,0,0,true,sr:player:2592883
Ben Winterburn,BOU,Bournemouth,MID,47,0,0,0,0,true,sr:player:2904977
Remy Rees-Dottin,BOU,Bournemouth,FWD,50,0,0,0,0,true,sr:player:2922797
Harold Ikenna William,BOU,Bournemouth,DEF,56,0,0,0,0,false,sr:player:3029448
Axel Tuanzebe,BUR,Burnley,DEF,,0,1,1,-0.5,true,sr:player:908340
Destiny Udogie,TOT,Tottenham,DEF,13,0,1,1,-0.5,true,sr:player:1722002
Dan Burn,NEW,Newcastle,DEF,33,1,1,2,-0.5,true,sr:player:99090
Andy Robertson,LFC,Liverpool,DEF,26,0,1,1,-0.5,true,sr:player:262911
Ruben Dias,MCI,Manchester City,DEF,3,0,0,1,-1,true,sr:player:318941
Abdukodir Khusanov,MCI,Manchester City,DEF,45,0,0,1,-1,true,sr:player:2343559
Lewis Dunk,BRI,Brighton,DEF,5,0,0,1,-1,true,sr:player:115365
Archie Gray,TOT,Tottenham,MID,14,0,0,1,-1,true,sr:player:2278985
Luke Shaw,MUN,Manchester United,DEF,23,0,0,1,-1,true,sr:player:190839
Alphonse Areola,WHU,West Ham,GK,23,0,0,1,-1,true,sr:player:96531
Issa Diop,FUL,Fulham,DEF,31,0,0,1,-1,true,sr:player:361320
Joachim Andersen,FUL,Fulham,DEF,5,0,0,1,-1,true,sr:player:362682