name,team_abbr,team_name,pos,jersey_number,goals_2023,assists_2023,own_goals_2023,points_2023,epl_in_2023,id
Erling Haaland,MCI,Man City,FWD,9,27,5,0,29.5,true,sr:player:991181
Cole Palmer,CHE,Chelsea,MID,20,22,11,0,27.5,true,sr:player:1737609
Ollie Watkins,AVL,Aston Villa,FWD,11,19,13,0,25.5,true,sr:player:555386
Phil Foden,MCI,Man City,MID,47,19,8,0,23,true,sr:player:1047129
Mohamed Salah,LIV,Liverpool,FWD,11,18,10,0,23,true,sr:player:159665
Alexander Isak,NEW,Newcastle,FWD,14,21,2,0,22,true,sr:player:925724
Son Heung-min,TOT,Tottenham,FWD,7,17,10,1,21,true,sr:player:111505
Dominic Solanke,TOT,Tottenham,FWD,,19,3,0,20.5,true,sr:player:361420
Bukayo Saka,ARS,Arsenal,FWD,7,16,9,0,20.5,true,sr:player:1479630
Jarrod Bowen,WHU,West Ham,FWD,20,16,6,0,19,true,sr:player:552884
Jean Philippe Mateta,CRY,Crystal Palace,FWD,14,16,5,0,18.5,true,sr:player:1027583
Nicolas Jackson,CHE,Chelsea,FWD,15,14,5,0,16.5,true,sr:player:2084331
Anthony Gordon,NEW,Newcastle,FWD,10,11,10,0,16,true,sr:player:1373595
Kai Havertz,ARS,Arsenal,FWD,29,13,6,0,16,true,sr:player:937210
Julian Alvarez,MCI,Man City,FWD,19,11,9,0,15.5,true,sr:player:1630398
Matheus Cunha,WOL,Wolverhampton,FWD,12,12,7,0,15.5,true,sr:player:1146986
Leon Bailey,AVL,Aston Villa,MID,31,10,10,0,15,true,sr:player:883594
Darwin Nunez,LIV,Liverpool,FWD,9,11,8,0,15,true,sr:player:1406549
Chris Wood,NFO,Nottingham,FWD,11,14,1,0,14.5,true,sr:player:50480
Bruno Fernandes,MUN,Man Utd,MID,8,10,8,0,14,true,sr:player:288205
Hwang Hee-chan,WOL,Wolverhampton,FWD,11,12,3,0,13.5,true,sr:player:754008
Richarlison Richarlison,TOT,Tottenham,FWD,9,11,5,0,13.5,true,sr:player:992069
Yoane Wissa,BRE,Brentford,MID,11,12,3,0,13.5,true,sr:player:871210
Leandro Trossard,ARS,Arsenal,MID,19,12,2,0,13,true,sr:player:135666
Martin Odegaard,ARS,Arsenal,MID,8,8,10,0,13,true,sr:player:547410
Eberechi Eze,CRY,Crystal Palace,FWD,10,11,4,0,13,true,sr:player:1088470
Rodrigo Rodri,MCI,Man City,MID,16,8,8,0,12,true,sr:player:844073
Diogo Jota,LIV,Liverpool,FWD,20,10,4,0,12,true,sr:player:606164
Bryan Mbeumo,BRE,Brentford,FWD,19,9,6,0,12,true,sr:player:1413499
Mohammed Kudus,WHU,West Ham,MID,14,8,7,0,11.5,true,sr:player:1321798
Bruno Guimaraes,NEW,Newcastle,MID,39,7,9,0,11.5,true,sr:player:1141016
Rasmus Hojlund,MUN,Man Utd,FWD,9,10,2,0,11,true,sr:player:1986771
Declan Rice,ARS,Arsenal,MID,41,7,8,0,11,true,sr:player:934552
Bernardo Silva,MCI,Man City,MID,20,6,9,0,10.5,true,sr:player:331209
Joao Pedro,BRI,Brighton,FWD,9,9,3,0,10.5,true,sr:player:1710063
James Ward Prowse,WHU,West Ham,MID,7,7,7,0,10.5,true,sr:player:161717
Cody Gakpo,LIV,Liverpool,FWD,18,8,5,0,10.5,true,sr:player:1058437
Luis Diaz,LIV,Liverpool,FWD,7,8,5,0,10.5,true,sr:player:1134923
Morgan Gibbs-White,NFO,Nottingham,MID,10,5,10,0,10,true,sr:player:1089760
Brennan Johnson,TOT,Tottenham,FWD,22,5,10,0,10,true,sr:player:1646334
Raheem Sterling,CHE,Chelsea,FWD,7,8,4,0,10,true,sr:player:138534
Rodrigo Muniz,FUL,Fulham,FWD,9,9,2,0,10,true,sr:player:1557191
Anthony Elanga,NFO,Nottingham,FWD,21,5,9,0,9.5,true,sr:player:1718666
Dejan Kulusevski,TOT,Tottenham,MID,21,8,3,0,9.5,true,sr:player:1065654
Callum Wilson,NEW,Newcastle,FWD,9,9,1,0,9.5,true,sr:player:113956
Kevin De Bruyne,MCI,Man City,MID,17,4,10,0,9,true,sr:player:70996
Alejandro Garnacho,MUN,Man Utd,FWD,17,7,4,0,9,true,sr:player:1955902
Conor Gallagher,CHE,Chelsea,MID,23,5,8,0,9,true,sr:player:1297742
Antoine Semenyo,BOU,Bournemouth,FWD,24,8,2,0,9,true,sr:player:1480070
Callum Hudson Odoi,NFO,Nottingham,FWD,14,8,1,0,8.5,true,sr:player:1089772
James Maddison,TOT,Tottenham,MID,10,4,9,0,8.5,true,sr:player:356398
Gabriel Martinelli,ARS,Arsenal,FWD,11,6,5,0,8.5,true,sr:player:1663313
Abdoulaye Doucoure,EVE,Everton,MID,16,7,3,0,8.5,true,sr:player:96535
Marcus Rashford,MUN,Man Utd,FWD,10,7,2,0,8,true,sr:player:903830
Tomas Soucek,WHU,West Ham,MID,28,7,2,0,8,true,sr:player:359840
John McGinn,AVL,Aston Villa,MID,7,6,4,0,8,true,sr:player:250223
Dominic Calvert-Lewin,EVE,Everton,FWD,9,7,2,0,8,true,sr:player:372344
Taiwo Awoniyi,NFO,Nottingham,FWD,9,6,3,0,7.5,true,sr:player:359664
Pablo Sarabia,WOL,Wolverhampton,FWD,21,4,7,0,7.5,true,sr:player:138573
Scott McTominay,MUN,Man Utd,MID,39,7,1,0,7.5,true,sr:player:908372
Michail Antonio,WHU,West Ham,FWD,9,6,3,0,7.5,true,sr:player:47772
Lucas Paqueta,WHU,West Ham,MID,10,4,7,0,7.5,true,sr:player:991199
Ross Barkley,AVL,Aston Villa,MID,6,5,5,0,7.5,true,sr:player:98435
Alexis Mac Allister,LIV,Liverpool,MID,10,5,5,0,7.5,true,sr:player:1245194
Neal Maupay,EVE,Everton,FWD,13,6,3,0,7.5,true,sr:player:268903
Justin Kluivert,BOU,Bournemouth,FWD,19,7,1,0,7.5,true,sr:player:934234
Jordan Ayew,CRY,Crystal Palace,FWD,9,4,7,0,7.5,true,sr:player:103045
Jeremy Doku,MCI,Man City,FWD,11,3,8,0,7,true,sr:player:1297614
Bobby Decordova-Reid,LEI,Leicester,FWD,14,6,2,0,7,true,sr:player:151499
Sean Longstaff,NEW,Newcastle,MID,36,6,2,0,7,true,sr:player:1090782
Raul Jimenez,FUL,Fulham,FWD,7,7,0,0,7,true,sr:player:192442
Andreas Pereira,FUL,Fulham,MID,18,3,8,0,7,true,sr:player:285949
Harry Wilson,FUL,Fulham,FWD,8,4,6,0,7,true,sr:player:355528
Odsonne Edouard,CRY,Crystal Palace,FWD,22,7,0,0,7,true,sr:player:769147
Simon Adingra,BRI,Brighton,FWD,24,6,1,0,6.5,true,sr:player:2142670
Pedro Porro,TOT,Tottenham,DEF,23,3,7,0,6.5,true,sr:player:1363568
Pedro Neto,CHE,Chelsea,FWD,,2,9,0,6.5,true,sr:player:1115761
Jacob Murphy,NEW,Newcastle,MID,23,3,7,0,6.5,true,sr:player:372336
Harvey Barnes,NEW,Newcastle,MID,11,5,3,0,6.5,true,sr:player:1055187
Gabriel Jesus,ARS,Arsenal,FWD,9,4,5,0,6.5,true,sr:player:835751
Ben Brereton,SOU,Southampton,FWD,,6,1,0,6.5,false,sr:player:1094200
Marcos Senesi,BOU,Bournemouth,DEF,25,4,5,0,6.5,true,sr:player:954708
Evan Ferguson,BRI,Brighton,FWD,28,6,0,0,6,true,sr:player:1951258
Mykhailo Mudryk,CHE,Chelsea,FWD,10,5,2,0,6,true,sr:player:1299850
Noni Madueke,CHE,Chelsea,FWD,11,5,2,0,6,true,sr:player:1300742
Kieran Trippier,NEW,Newcastle,DEF,2,1,10,0,6,true,sr:player:69256
Eddie Nketiah,ARS,Arsenal,FWD,14,5,2,0,6,true,sr:player:937000
Ben White,ARS,Arsenal,DEF,4,4,4,0,6,true,sr:player:1015179
Alex Iwobi,FUL,Fulham,FWD,17,5,2,0,6,true,sr:player:352770
Harvey Elliott,LIV,Liverpool,FWD,19,3,6,0,6,true,sr:player:1604594
Dwight McNeil,EVE,Everton,MID,7,3,6,0,6,true,sr:player:1484502
Danny Welbeck,BRI,Brighton,FWD,18,5,1,0,5.5,true,sr:player:33902
Kaoru Mitoma,BRI,Brighton,MID,22,3,4,0,5,true,sr:player:1494743
Youri Tielemans,AVL,Aston Villa,MID,8,2,6,0,5,true,sr:player:331737
Jhon Jader Duran,AVL,Aston Villa,FWD,24,5,0,0,5,true,sr:player:1697559
Willian Willian,FUL,Fulham,MID,20,4,2,0,5,true,sr:player:31417
Trent Alexander-Arnold,LIV,Liverpool,DEF,66,3,4,0,5,true,sr:player:779556
Jack Harrison,EVE,Everton,MID,11,3,4,0,5,false,sr:player:951350
Ivan Toney,BRE,Brentford,FWD,17,4,2,0,5,true,sr:player:290927
Marcus Tavernier,BOU,Bournemouth,MID,16,3,4,0,5,true,sr:player:944820
Jack Grealish,MCI,Man City,MID,10,3,3,0,4.5,true,sr:player:189061
Josko Gvardiol,MCI,Man City,DEF,24,4,1,0,4.5,true,sr:player:1645860
Mario Lemina,WOL,Wolverhampton,MID,5,4,1,0,4.5,true,sr:player:307284
Pape Matar Sarr,TOT,Tottenham,MID,29,3,3,0,4.5,true,sr:player:1957969
David Datro Fofana,CHE,Chelsea,FWD,,4,1,0,4.5,true,sr:player:2123150
Fabian Schar,NEW,Newcastle,DEF,5,4,1,0,4.5,true,sr:player:101882
Cameron Archer,AVL,Aston Villa,FWD,35,4,1,0,4.5,true,sr:player:1868542
Mathias Jensen,BRE,Brentford,MID,8,3,3,0,4.5,true,sr:player:775687
James McAtee,MCI,Man City,MID,87,3,2,0,4,true,sr:player:2221700
Cristian Romero,TOT,Tottenham,DEF,17,5,0,1,4,true,sr:player:952278
Enzo Fernandez,CHE,Chelsea,MID,8,3,2,0,4,true,sr:player:1696477
Andy Robertson,LIV,Liverpool,DEF,26,3,2,0,4,true,sr:player:262911
Dominik Szoboszlai,LIV,Liverpool,MID,8,3,2,0,4,true,sr:player:1064588
Idrissa Gana Gueye,EVE,Everton,MID,27,4,0,0,4,true,sr:player:106337
Lewis Dunk,BRI,Brighton,DEF,5,3,1,0,3.5,true,sr:player:115365
Solly March,BRI,Brighton,MID,7,3,1,0,3.5,true,sr:player:301288
Buonanotte Facundo,LEI,Leicester,MID,,3,1,0,3.5,true,sr:player:2184938
Timo Werner,TOT,Tottenham,FWD,16,2,3,0,3.5,false,sr:player:232306
Destiny Udogie,TOT,Tottenham,DEF,13,2,3,0,3.5,true,sr:player:1722002
Diogo Dalot,MUN,Man Utd,DEF,20,2,3,0,3.5,true,sr:player:817522
Kobbie Mainoo,MUN,Man Utd,MID,37,3,1,0,3.5,true,sr:player:2264945
Vladimir Coufal,WHU,West Ham,DEF,5,0,7,0,3.5,true,sr:player:138024
Miguel Almiron,NEW,Newcastle,MID,24,3,1,0,3.5,true,sr:player:333373
Morgan Rogers,AVL,Aston Villa,FWD,27,3,1,0,3.5,true,sr:player:1577506
Adama Traore,FUL,Fulham,FWD,11,2,3,0,3.5,true,sr:player:286165
Keane Lewis-Potter,BRE,Brentford,FWD,23,3,1,0,3.5,true,sr:player:1662121
Philip Billing,BOU,Bournemouth,MID,29,2,3,0,3.5,true,sr:player:548660
Joachim Andersen,CRY,Crystal Palace,DEF,16,2,3,0,3.5,true,sr:player:362682
Nicolas Dominguez,NFO,Nottingham,MID,16,2,2,0,3,true,sr:player:1103661
Danilo Oliveira,NFO,Nottingham,MID,28,2,2,0,3,true,sr:player:1852246
Joao Gomes,WOL,Wolverhampton,MID,8,2,2,0,3,true,sr:player:2014161
Jack Hinshelwood,BRI,Brighton,MID,41,3,0,0,3,true,sr:player:2532547
Giovani Lo Celso,TOT,Tottenham,MID,18,2,2,0,3,true,sr:player:858082
Micky van de Ven,TOT,Tottenham,DEF,37,3,0,0,3,true,sr:player:1938216
Harry Maguire,MUN,Man Utd,DEF,5,2,2,0,3,true,sr:player:149380
Kurt Zouma,WHU,West Ham,DEF,4,3,0,0,3,true,sr:player:139227
Christopher Nkunku,CHE,Chelsea,FWD,18,3,0,0,3,true,sr:player:769333
Malo Gusto,CHE,Chelsea,DEF,27,0,6,0,3,true,sr:player:1948364
Gabriel Magalhaes,ARS,Arsenal,DEF,6,4,0,1,3,true,sr:player:1099395
Virgil van Dijk,LIV,Liverpool,DEF,4,2,2,0,3,true,sr:player:151545
Norberto Bercique Beto,EVE,Everton,FWD,14,3,0,0,3,true,sr:player:1658367
Jarrad Branthwaite,EVE,Everton,MID,32,3,0,0,3,true,sr:player:1720484
Enes Unal,BOU,Bournemouth,FWD,26,2,2,0,3,false,sr:player:336655
Luis Sinisterra,BOU,Bournemouth,FWD,17,2,2,0,3,false,sr:player:1124571
Jeffrey Schlupp,CRY,Crystal Palace,MID,15,2,2,0,3,true,sr:player:148710
Willy Boly,NFO,Nottingham,DEF,30,2,1,0,2.5,true,sr:player:139310
Harry Toffolo,NFO,Nottingham,DEF,15,1,3,0,2.5,true,sr:player:358218
Nathan Ake,MCI,Man City,DEF,6,2,1,0,2.5,true,sr:player:149663
Jean-Ricner Bellegarde,WOL,Wolverhampton,MID,27,2,1,0,2.5,true,sr:player:1011881
Rayan Ait Nouri,WOL,Wolverhampton,DEF,3,2,1,0,2.5,true,sr:player:1432949
Toti Gomes,WOL,Wolverhampton,DEF,24,1,3,0,2.5,true,sr:player:1687671
Pervis Estupinan,BRI,Brighton,DEF,30,2,3,1,2.5,true,sr:player:872110
Carlos Henrique Casemiro,MUN,Man Utd,MID,18,1,3,0,2.5,true,sr:player:122951
Moises Caicedo,CHE,Chelsea,MID,25,1,3,0,2.5,true,sr:player:1796106
Dan Burn,NEW,Newcastle,DEF,33,2,1,0,2.5,true,sr:player:99090
Joelinton Cassio Joelinton,NEW,Newcastle,FWD,7,2,1,0,2.5,true,sr:player:560128
Lucas Digne,AVL,Aston Villa,DEF,12,1,3,0,2.5,true,sr:player:96538
Takehiro Tomiyasu,ARS,Arsenal,DEF,18,2,1,0,2.5,true,sr:player:772819
William Saliba,ARS,Arsenal,DEF,2,2,1,0,2.5,true,sr:player:1513599
Timothy Castagne,FUL,Fulham,DEF,21,1,3,0,2.5,true,sr:player:329417
Christian Norgaard,BRE,Brentford,MID,6,2,1,0,2.5,true,sr:player:135256
Kristoffer Ajer,BRE,Brentford,DEF,20,2,1,0,2.5,true,sr:player:576384
Vitaly Janelt,BRE,Brentford,MID,27,1,3,0,2.5,true,sr:player:822586
Kevin Schade,BRE,Brentford,FWD,7,2,1,0,2.5,true,sr:player:1575774
Ryan Christie,BOU,Bournemouth,FWD,10,0,5,0,2.5,true,sr:player:322391
Tyrick Mitchell,CRY,Crystal Palace,DEF,3,2,3,1,2.5,true,sr:player:1984029
Kyle Walker,MCI,Man City,DEF,2,0,4,0,2,true,sr:player:44614
Manuel Akanji,MCI,Man City,DEF,25,2,0,0,2,true,sr:player:383560
Rico Lewis,MCI,Man City,DEF,82,2,0,0,2,true,sr:player:2246775
Sasa Kalajdzic,WOL,Wolverhampton,FWD,18,2,0,0,2,true,sr:player:1100395
Sergio Reguilon,TOT,Tottenham,DEF,3,0,4,0,2,true,sr:player:777892
Christian Eriksen,MUN,Man Utd,MID,14,1,2,0,2,true,sr:player:105734
Max Kilman,WHU,West Ham,DEF,26,2,0,0,2,true,sr:player:1263492
Tosin Adarabioyo,CHE,Chelsea,DEF,4,2,0,0,2,true,sr:player:352668
Sven Botman,NEW,Newcastle,DEF,4,2,2,1,2,true,sr:player:1059315
Lewis Miley,NEW,Newcastle,MID,67,1,2,0,2,true,sr:player:2558327
Pau Torres,AVL,Aston Villa,DEF,14,2,0,0,2,true,sr:player:944170
Matty Cash,AVL,Aston Villa,DEF,2,2,2,1,2,true,sr:player:968907
Amadou Onana,AVL,Aston Villa,MID,24,2,0,0,2,true,sr:player:1402475
Jacob Ramsey,AVL,Aston Villa,MID,41,1,2,0,2,true,sr:player:1705555
Oleksandr Zinchenko,ARS,Arsenal,DEF,35,1,2,0,2,true,sr:player:287643
Jakub Kiwior,ARS,Arsenal,DEF,15,1,2,0,2,true,sr:player:1091644
Fabio Vieira,ARS,Arsenal,MID,21,1,2,0,2,true,sr:player:1300574
Tom Cairney,FUL,Fulham,MID,10,1,4,1,2,true,sr:player:82566
Carlos Vinicius,FUL,Fulham,FWD,30,2,0,0,2,true,sr:player:1233356
Jarell Quansah,LIV,Liverpool,DEF,78,2,0,0,2,true,sr:player:1939988
Vitaliy Mykolenko,EVE,Everton,DEF,19,2,0,0,2,true,sr:player:935132
James Garner,EVE,Everton,MID,37,1,2,0,2,true,sr:player:1297412
Ben Mee,BRE,Brentford,DEF,16,2,0,0,2,true,sr:player:137774
Mads Roerslev Rasmussen,BRE,Brentford,DEF,30,1,2,0,2,true,sr:player:935526
Frank Onyeka,BRE,Brentford,MID,15,1,2,0,2,true,sr:player:959744
Ethan Pinnock,BRE,Brentford,DEF,5,2,0,0,2,true,sr:player:1056935
Daniel Munoz,CRY,Crystal Palace,DEF,12,0,4,0,2,true,sr:player:1108227
Ola Aina,NFO,Nottingham,DEF,43,1,1,0,1.5,true,sr:player:284421
Ryan Yates,NFO,Nottingham,MID,22,1,1,0,1.5,true,sr:player:1014789
Oscar Bobb,MCI,Man City,MID,52,1,1,0,1.5,true,sr:player:1956474
Craig Dawson,WOL,Wolverhampton,DEF,15,1,1,0,1.5,true,sr:player:50027
Joel Veltman,BRI,Brighton,DEF,34,1,1,0,1.5,true,sr:player:219572
Tariq Lamptey,BRI,Brighton,DEF,2,0,3,0,1.5,true,sr:player:1297724
Rodrigo Bentancur,TOT,Tottenham,MID,30,1,1,0,1.5,true,sr:player:810644
Victor Lindelof,MUN,Man Utd,DEF,2,1,1,0,1.5,true,sr:player:143334
Antony Mateus Antony,MUN,Man Utd,FWD,21,1,1,0,1.5,true,sr:player:1614982
Amad Diallo,MUN,Man Utd,MID,16,1,1,0,1.5,true,sr:player:1886726
Edson Alvarez,WHU,West Ham,MID,19,1,1,0,1.5,true,sr:player:1020079
Armando Broja,CHE,Chelsea,FWD,19,1,1,0,1.5,true,sr:player:1297776
Levi Colwill,CHE,Chelsea,DEF,6,1,1,0,1.5,true,sr:player:1947798
Carney Chukwuemeka,CHE,Chelsea,MID,17,1,1,0,1.5,true,sr:player:2130086
Antonee Robinson,FUL,Fulham,DEF,33,0,7,2,1.5,true,sr:player:867054
Kostas Tsimikas,LIV,Liverpool,DEF,21,0,3,0,1.5,true,sr:player:605434
Curtis Jones,LIV,Liverpool,MID,17,1,1,0,1.5,true,sr:player:1298510
Conor Bradley,LIV,Liverpool,DEF,84,1,3,1,1.5,true,sr:player:1939996
Charlie Taylor,SOU,Southampton,DEF,,1,1,0,1.5,true,sr:player:166381
James Tarkowski,EVE,Everton,DEF,6,1,1,0,1.5,true,sr:player:145188
Nathan Collins,BRE,Brentford,DEF,22,1,1,0,1.5,true,sr:player:1069190
Mikkel Damsgaard,BRE,Brentford,FWD,24,0,3,0,1.5,true,sr:player:1336192
Lewis Cook,BOU,Bournemouth,MID,4,0,3,0,1.5,true,sr:player:548188
David Brooks,BOU,Bournemouth,MID,7,1,1,0,1.5,true,sr:player:1056631
Alex Jay Scott,BOU,Bournemouth,MID,14,1,1,0,1.5,true,sr:player:2131960
Dango Ouattara,BOU,Bournemouth,FWD,11,1,1,0,1.5,true,sr:player:2200344
Jefferson Lerma,CRY,Crystal Palace,MID,8,1,1,0,1.5,true,sr:player:355796
Chris Richards,CRY,Crystal Palace,DEF,26,1,1,0,1.5,true,sr:player:1512315
Adam Wharton,CRY,Crystal Palace,MID,20,0,3,0,1.5,true,sr:player:2284355
Elliot Anderson,NFO,Nottingham,MID,18,0,2,0,1,true,sr:player:1635776
Mateo Kovacic,MCI,Man City,MID,8,1,0,0,1,true,sr:player:136710
John Stones,MCI,Man City,DEF,5,1,0,0,1,true,sr:player:152077
Matheus Nunes,MCI,Man City,MID,27,0,2,0,1,true,sr:player:1560920
Matt Doherty,WOL,Wolverhampton,DEF,2,1,0,0,1,true,sr:player:143047
James Milner,BRI,Brighton,MID,6,0,2,0,1,true,sr:player:791
Julio Enciso,BRI,Brighton,FWD,10,0,2,0,1,true,sr:player:1720568
Ben Davies,TOT,Tottenham,DEF,33,1,0,0,1,true,sr:player:94758
Manor Solomon,TOT,Tottenham,MID,27,0,2,0,1,true,sr:player:936696
Emerson Royal,TOT,Tottenham,DEF,12,1,0,0,1,true,sr:player:1059985
Mason Mount,MUN,Man Utd,MID,7,1,0,0,1,true,sr:player:936126
Aaron Wan-Bissaka,MUN,Man Utd,DEF,29,0,2,0,1,true,sr:player:1086144
Hannibal Mejbri,MUN,Man Utd,MID,46,1,0,0,1,true,sr:player:1643946
Danny Ings,WHU,West Ham,FWD,18,1,0,0,1,true,sr:player:130181
Emerson Emerson,WHU,West Ham,DEF,33,1,2,1,1,true,sr:player:155997
Maxwel Cornet,WHU,West Ham,MID,22,1,0,0,1,true,sr:player:280439
Nayef Aguerd,WHU,West Ham,DEF,27,1,0,0,1,true,sr:player:1117645
Trevoh Chalobah,CHE,Chelsea,DEF,14,1,0,0,1,true,sr:player:936112
Axel Disasi,CHE,Chelsea,DEF,2,2,0,1,1,true,sr:player:940716
Reece James,CHE,Chelsea,DEF,24,0,2,0,1,true,sr:player:1140070
Jamaal Lascelles,NEW,Newcastle,DEF,6,1,0,0,1,true,sr:player:153444
Joe Willock,NEW,Newcastle,MID,28,1,0,0,1,true,sr:player:937002
Sandro Tonali,NEW,Newcastle,MID,8,1,0,0,1,true,sr:player:1265128
Tino Livramento,NEW,Newcastle,DEF,21,1,0,0,1,true,sr:player:1643746
Lewis Hall,NEW,Newcastle,MID,20,1,0,0,1,true,sr:player:2249331
Leander Dendoncker,AVL,Aston Villa,MID,32,1,0,0,1,true,sr:player:190405
Alex Moreno,AVL,Aston Villa,FWD,15,2,0,1,1,true,sr:player:294593
Ezri Konsa,AVL,Aston Villa,DEF,4,1,0,0,1,true,sr:player:942488
Jorge Luiz Jorginho,ARS,Arsenal,MID,20,0,2,0,1,true,sr:player:132874
Kenny Tete,FUL,Fulham,DEF,2,1,0,0,1,true,sr:player:190877
Sasa Lukic,FUL,Fulham,MID,20,1,0,0,1,true,sr:player:280823
Harrison Reed,FUL,Fulham,MID,6,0,2,0,1,true,sr:player:365802
Calvin Bassey,FUL,Fulham,DEF,3,1,0,0,1,true,sr:player:1055149
Wataru Endo,LIV,Liverpool,MID,3,1,0,0,1,true,sr:player:143040
Ryan Gravenberch,LIV,Liverpool,MID,38,1,0,0,1,true,sr:player:1319220
Michael Keane,EVE,Everton,DEF,5,1,0,0,1,true,sr:player:110846
Nathan Patterson,EVE,Everton,DEF,2,0,2,0,1,true,sr:player:1381883
Mathias Jorgensen,BRE,Brentford,DEF,13,1,0,0,1,true,sr:player:26404
Adam Smith,BOU,Bournemouth,DEF,15,0,2,0,1,true,sr:player:44566
Illia Zabarnyi,BOU,Bournemouth,DEF,27,1,0,0,1,true,sr:player:1631296
Neco Williams,NFO,Nottingham,DEF,7,0,1,0,0.5,true,sr:player:1298482
Nelson Semedo,WOL,Wolverhampton,DEF,22,0,1,0,0.5,true,sr:player:252821
Mahmoud Dahoud,BRI,Brighton,MID,8,0,1,0,0.5,true,sr:player:341589
Billy Gilmour,BRI,Brighton,MID,11,0,1,0,0.5,true,sr:player:1297746
Jonny Evans,MUN,Man Utd,DEF,35,0,1,0,0.5,true,sr:player:30144
Facundo Pellistri,MUN,Man Utd,MID,28,0,1,0,0.5,true,sr:player:1768908
Ben Chilwell,CHE,Chelsea,DEF,21,0,1,0,0.5,true,sr:player:754594
Lloyd Kelly,NEW,Newcastle,DEF,25,0,1,0,0.5,true,sr:player:1088608
Boubacar Kamara,AVL,Aston Villa,MID,44,0,1,0,0.5,true,sr:player:936566
Emile Smith Rowe,FUL,Fulham,MID,32,0,1,0,0.5,true,sr:player:937004
Joe Gomez,LIV,Liverpool,DEF,2,0,1,0,0.5,true,sr:player:318927
Adam Lallana,SOU,Southampton,MID,,0,1,0,0.5,true,sr:player:17054
Mark Flekken,BRE,Brentford,GK,1,0,1,0,0.5,true,sr:player:171919
Rico Henry,BRE,Brentford,DEF,3,0,1,0,0.5,true,sr:player:599128
Chris Mepham,BOU,Bournemouth,DEF,6,0,1,0,0.5,true,sr:player:1089958
Max Aarons,BOU,Bournemouth,DEF,37,0,1,0,0.5,true,sr:player:1549771
Will Hughes,CRY,Crystal Palace,MID,19,0,1,0,0.5,true,sr:player:193554
Marc Guehi,CRY,Crystal Palace,DEF,6,0,1,0,0.5,true,sr:player:936120
Matheus Franca,CRY,Crystal Palace,MID,11,0,1,0,0.5,true,sr:player:2185650
Jonjo Shelvey,NFO,Nottingham,MID,38,0,0,0,0,true,sr:player:36465
Matz Sels,NFO,Nottingham,GK,26,0,0,0,0,true,sr:player:78152
Hwang Ui-Jo,NFO,Nottingham,FWD,35,0,0,0,0,true,sr:player:377292
Joe Worrall,NFO,Nottingham,DEF,4,0,0,0,0,true,sr:player:948682
Matt Turner,NFO,Nottingham,GK,1,0,0,0,0,true,sr:player:967039
Nikola Milenkovic,NFO,Nottingham,DEF,31,0,0,0,0,false,sr:player:976055
Emmanuel Dennis,NFO,Nottingham,FWD,25,0,0,0,0,true,sr:player:1010017
Ibrahim Sangare,NFO,Nottingham,MID,6,0,0,0,0,true,sr:player:1017603
Josh Bowler,NFO,Nottingham,MID,,0,0,0,0,true,sr:player:1132695
Omar Richards,NFO,Nottingham,DEF,28,0,0,0,0,true,sr:player:1249404
Carlos Miguel Carlos Miguel,NFO,Nottingham,GK,,0,0,0,0,false,sr:player:1692807
Alex Mighten,NFO,Nottingham,FWD,17,0,0,0,0,true,sr:player:1724650
Jota Silva,NFO,Nottingham,FWD,,0,0,0,0,false,sr:player:2068145
Murillo Santiago Costa dos Santos,NFO,Nottingham,MID,40,0,2,1,0,true,sr:player:2361593
Eric da Silva Moreira,NFO,Nottingham,DEF,17,0,0,0,0,false,sr:player:2610745
Scott Carson,MCI,Man City,GK,33,0,0,0,0,true,sr:player:716
Stefan Ortega,MCI,Man City,GK,18,0,0,0,0,true,sr:player:125274
Joao Cancelo,MCI,Man City,DEF,7,0,0,0,0,true,sr:player:138892
Ederson Ederson,MCI,Man City,GK,31,0,0,0,0,true,sr:player:254491
Kalvin Phillips,MCI,Man City,MID,4,0,0,0,0,true,sr:player:790679
Ben Knight,MCI,Man City,MID,96,0,0,0,0,true,sr:player:1643606
Issa Kabore,MCI,Man City,DEF,78,0,2,1,0,true,sr:player:1869664
Savio Savinho,MCI,Man City,MID,26,0,0,0,0,false,sr:player:2057939
Maximo Perrone,MCI,Man City,MID,32,0,0,0,0,true,sr:player:2101874
Luke Mbete,MCI,Man City,DEF,79,0,0,0,0,true,sr:player:2114674
Josh Wilson-Esbrand,MCI,Man City,DEF,97,0,0,0,0,true,sr:player:2223424
True Grant,MCI,Man City,GK,88,0,0,0,0,true,sr:player:2246747
Jadel Katongo,MCI,Man City,DEF,70,0,0,0,0,false,sr:player:2246763
Nico O'Reilly,MCI,Man City,MID,75,0,0,0,0,false,sr:player:2265485
Max Alleyne,MCI,Man City,DEF,68,0,0,0,0,true,sr:player:2269337
Joel Ndala,MCI,Man City,FWD,73,0,0,0,0,false,sr:player:2269361
Lakyle Samuel,MCI,Man City,DEF,90,0,0,0,0,false,sr:player:2437719
Justin Oboavwoduo,MCI,Man City,FWD,99,0,0,0,0,false,sr:player:2437725
Jaden Heskey,MCI,Man City,FWD,95,0,0,0,0,false,sr:player:2469167
Jahmai Simpson-Pusey,MCI,Man City,DEF,66,0,0,0,0,false,sr:player:2568517
Stephen Mfuni,MCI,Man City,DEF,91,0,0,0,0,false,sr:player:2714276
Daniel Bentley,WOL,Wolverhampton,GK,25,0,0,0,0,true,sr:player:101367
Jose Sa,WOL,Wolverhampton,GK,1,0,0,0,0,true,sr:player:252669
Goncalo Guedes,WOL,Wolverhampton,MID,,0,0,0,0,true,sr:player:280979
Daniel Podence,WOL,Wolverhampton,FWD,10,0,0,0,0,true,sr:player:308764
Tom King,WOL,Wolverhampton,GK,40,0,0,0,0,true,sr:player:603922
Santiago Bueno,WOL,Wolverhampton,DEF,4,0,0,0,0,true,sr:player:1016089
Jorgen Strand Larsen,WOL,Wolverhampton,FWD,9,0,0,0,0,false,sr:player:1065792
Tommy Doyle,WOL,Wolverhampton,MID,20,0,0,0,0,true,sr:player:1299448
Fabio Silva,WOL,Wolverhampton,FWD,9,0,0,0,0,true,sr:player:1302644
Ki-Jana Hoever,WOL,Wolverhampton,DEF,35,0,0,0,0,true,sr:player:1626020
Chem Campbell,WOL,Wolverhampton,DEF,77,0,0,0,0,true,sr:player:1644194
Boubacar Traore,WOL,Wolverhampton,MID,6,0,0,0,0,true,sr:player:1737553
Joe Hodge,WOL,Wolverhampton,MID,32,0,0,0,0,true,sr:player:1737599
Yerson Mosquera,WOL,Wolverhampton,DEF,14,0,0,0,0,true,sr:player:1769162
Luke Cundle,WOL,Wolverhampton,MID,39,0,0,0,0,true,sr:player:1831216
Rodrigo Gomes,WOL,Wolverhampton,FWD,19,0,0,0,0,false,sr:player:1987419
Francisco Jorge Chiquinho,WOL,Wolverhampton,FWD,36,0,0,0,0,true,sr:player:2000165
Nathan Fraser,WOL,Wolverhampton,FWD,63,0,0,0,0,true,sr:player:2491031
Leon Chiwome,WOL,Wolverhampton,FWD,84,0,0,0,0,true,sr:player:2611297
Pedro Lima,WOL,Wolverhampton,DEF,37,0,0,0,0,false,sr:player:2714234
Jason Steele,BRI,Brighton,GK,23,0,0,0,0,true,sr:player:31867
Jakub Moder,BRI,Brighton,MID,15,0,0,0,0,true,sr:player:935220
Igor Julio Igor,BRI,Brighton,DEF,3,0,0,0,0,true,sr:player:1008323
Jensen Weir,BRI,Brighton,MID,37,0,0,0,0,true,sr:player:1564538
Mats Wieffer,BRI,Brighton,MID,,0,0,0,0,false,sr:player:1621256
Jan Paul van Hecke,BRI,Brighton,DEF,29,0,0,0,0,true,sr:player:1630352
Jeremy Sarmiento,BRI,Brighton,FWD,19,0,0,0,0,true,sr:player:1793748
Bart Verbruggen,BRI,Brighton,GK,1,0,0,0,0,true,sr:player:1859404
Andy Moran,BRI,Brighton,MID,49,0,0,0,0,true,sr:player:1952162
Cameron Peupion,BRI,Brighton,MID,44,0,0,0,0,true,sr:player:1957397
Yasin Ayari,BRI,Brighton,MID,26,0,0,0,0,true,sr:player:2052205
Imari Samuels,BRI,Brighton,DEF,,0,0,0,0,true,sr:player:2065207
Abdallah Sima,BRI,Brighton,FWD,,0,0,0,0,true,sr:player:2073733
Valentin Barco,BRI,Brighton,DEF,19,0,0,0,0,true,sr:player:2184512
Carl Rushworth,BRI,Brighton,GK,,0,0,0,0,true,sr:player:2186020
Odel Offiah,BRI,Brighton,DEF,42,0,0,0,0,true,sr:player:2208692
Ed Turns,BRI,Brighton,DEF,43,0,0,0,0,true,sr:player:2226614
Carlos Baleba,BRI,Brighton,MID,20,0,0,0,0,true,sr:player:2327301
Adrian Mazilu,BRI,Brighton,FWD,,0,0,0,0,true,sr:player:2395769
Yankuba Minteh,BRI,Brighton,FWD,,0,0,0,0,true,sr:player:2429289
Amario Cozier-Duberry,BRI,Brighton,FWD,,0,0,0,0,true,sr:player:2439779
Ibrahim Osman,BRI,Brighton,FWD,,0,0,0,0,false,sr:player:2557933
Malick Junior Yalcouye,BRI,Brighton,MID,,0,0,0,0,false,sr:player:2733788
Danny Ward,LEI,Leicester,GK,1,0,0,0,0,false,sr:player:94756
Conor Coady,LEI,Leicester,DEF,4,0,0,0,0,false,sr:player:98449
Jannik Vestergaard,LEI,Leicester,DEF,23,0,0,0,0,false,sr:player:120538
Jamie Vardy,LEI,Leicester,FWD,9,0,0,0,0,false,sr:player:173827
Ricardo Pereira,LEI,Leicester,DEF,21,0,0,0,0,false,sr:player:221200
Daniel Iversen,LEI,Leicester,GK,31,0,0,0,0,false,sr:player:355532
Wout Faes,LEI,Leicester,DEF,3,0,0,0,0,false,sr:player:361696
Harry Winks,LEI,Leicester,MID,8,0,0,0,0,false,sr:player:545780
Stephy Mavididi,LEI,Leicester,FWD,10,0,0,0,0,false,sr:player:605338
Wilfred Ndidi,LEI,Leicester,MID,25,0,0,0,0,false,sr:player:795266
Patson Daka,LEI,Leicester,FWD,20,0,0,0,0,false,sr:player:815788
Boubakary Soumare,LEI,Leicester,MID,24,0,0,0,0,false,sr:player:907860
James Justin,LEI,Leicester,DEF,2,0,0,0,0,false,sr:player:942498
Hamza Choudhury,LEI,Leicester,MID,17,0,0,0,0,false,sr:player:966205
Mads Hermansen,LEI,Leicester,GK,30,0,0,0,0,false,sr:player:1061592
Caleb Okoli,LEI,Leicester,DEF,5,0,0,0,0,false,sr:player:1654317
Thomas Cannon,LEI,Leicester,FWD,28,0,0,0,0,true,sr:player:1982757
Luke Thomas,LEI,Leicester,DEF,33,0,0,0,0,false,sr:player:1982795
Victor Kristiansen,LEI,Leicester,DEF,16,0,0,0,0,false,sr:player:2032765
Jakub Stolarczyk,LEI,Leicester,GK,41,0,0,0,0,false,sr:player:2106232
Issahaku Fatawu,LEI,Leicester,FWD,7,0,0,0,0,false,sr:player:2140422
Wanya Marcal Madivadua,LEI,Leicester,MID,40,0,0,0,0,false,sr:player:2245351
Michael Golding,LEI,Leicester,MID,,0,0,0,0,true,sr:player:2253873
Kasey McAteer,LEI,Leicester,MID,35,0,0,0,0,false,sr:player:2274991
Sam Morsy,IPS,Ipswich,MID,5,0,0,0,0,false,sr:player:108515
Conor Townsend,IPS,Ipswich,DEF,,0,0,0,0,false,sr:player:197982
Christian Walton,IPS,Ipswich,GK,1,0,0,0,0,false,sr:player:198038
Massimo Luongo,IPS,Ipswich,MID,25,0,0,0,0,false,sr:player:204300
Freddie Ladapo,IPS,Ipswich,FWD,9,0,0,0,0,false,sr:player:254813
Wes Burns,IPS,Ipswich,FWD,7,0,0,0,0,false,sr:player:305302
Cameron Burgess,IPS,Ipswich,DEF,15,0,0,0,0,false,sr:player:358084
Marcus Harness,IPS,Ipswich,FWD,11,0,0,0,0,false,sr:player:368146
Nathan Broadhead,IPS,Ipswich,FWD,33,0,0,0,0,false,sr:player:758396
Conor Chaplin,IPS,Ipswich,FWD,10,0,0,0,0,false,sr:player:784625
George Edmundson,IPS,Ipswich,DEF,4,0,0,0,0,false,sr:player:867574
Axel Tuanzebe,IPS,Ipswich,DEF,40,0,0,0,0,false,sr:player:908340
George Hirst,IPS,Ipswich,FWD,27,0,0,0,0,false,sr:player:990237
Jack Taylor,IPS,Ipswich,MID,14,0,0,0,0,false,sr:player:1064938
Luke Woolfenden,IPS,Ipswich,DEF,6,0,0,0,0,false,sr:player:1253756
Ben Johnson,IPS,Ipswich,DEF,18,0,0,0,0,true,sr:player:1372516
Leif Davis,IPS,Ipswich,DEF,3,0,0,0,0,false,sr:player:1640266
Cieran Slicker,IPS,Ipswich,GK,13,0,0,0,0,false,sr:player:1724684
Jacob Greaves,IPS,Ipswich,DEF,,0,0,0,0,false,sr:player:1836942
Liam Delap,IPS,Ipswich,FWD,,0,0,0,0,true,sr:player:1886706
Harry Clarke,IPS,Ipswich,DEF,2,0,0,0,0,false,sr:player:2085475
Cameron Humphreys,IPS,Ipswich,MID,30,0,0,0,0,false,sr:player:2201924
Ali Al Hamadi,IPS,Ipswich,FWD,16,0,0,0,0,false,sr:player:2253611
Omari Hutchinson,IPS,Ipswich,MID,20,0,0,0,0,true,sr:player:2284735
Fraser Forster,TOT,Tottenham,GK,20,0,0,0,0,true,sr:player:19314
Guglielmo Vicario,TOT,Tottenham,GK,1,0,0,0,0,true,sr:player:553606
Alfie Whiteman,TOT,Tottenham,GK,41,0,0,0,0,true,sr:player:918722
Yves Bissouma,TOT,Tottenham,MID,8,0,0,0,0,true,sr:player:1010967
Brandon Austin,TOT,Tottenham,GK,40,0,0,0,0,true,sr:player:1058637
Oliver Skipp,TOT,Tottenham,MID,4,0,0,0,0,true,sr:player:1058725
Djed Spence,TOT,Tottenham,DEF,24,0,0,0,0,true,sr:player:1564490
Radu Dragusin,TOT,Tottenham,DEF,6,0,0,0,0,true,sr:player:1642306
Dane Scarlett,TOT,Tottenham,FWD,44,0,0,0,0,true,sr:player:1939870
Alfie Devine,TOT,Tottenham,MID,45,0,0,0,0,true,sr:player:2116424
Archie Gray,TOT,Tottenham,MID,14,0,0,0,0,false,sr:player:2278985
Ashley Phillips,TOT,Tottenham,DEF,35,0,0,0,0,true,sr:player:2284353
Lucas Bergvall,TOT,Tottenham,MID,15,0,0,0,0,false,sr:player:2397923
George Benedict Abbott,TOT,Tottenham,MID,77,0,0,0,0,false,sr:player:2834931
Tom Heaton,MUN,Man Utd,GK,22,0,0,0,0,true,sr:player:18122
Luke Shaw,MUN,Man Utd,DEF,23,0,0,0,0,true,sr:player:190839
Andre Onana,MUN,Man Utd,GK,24,0,0,0,0,true,sr:player:772389
Altay Bayindir,MUN,Man Utd,GK,1,0,0,0,0,true,sr:player:909328
Tyrell Malacia,MUN,Man Utd,DEF,12,0,0,0,0,true,sr:player:934214
Jadon Sancho,MUN,Man Utd,FWD,25,0,0,0,0,true,sr:player:1047147
Joshua Zirkzee,MUN,Man Utd,FWD,11,0,0,0,0,false,sr:player:1382367
Leny Yoro,MUN,Man Utd,DEF,15,0,0,0,0,false,sr:player:2264779
Daniel Gore,MUN,Man Utd,MID,44,0,0,0,0,true,sr:player:2271105
Toby Collyer,MUN,Man Utd,MID,43,0,0,0,0,true,sr:player:2651045
Lukasz Fabianski,WHU,West Ham,GK,1,0,0,0,0,true,sr:player:15479
Aaron Cresswell,WHU,West Ham,DEF,3,0,0,0,0,true,sr:player:43443
Niclas Fullkrug,WHU,West Ham,FWD,,0,0,0,0,false,sr:player:132645
Guido Rodriguez,WHU,West Ham,MID,,0,0,0,0,false,sr:player:609752
Andy Irving,WHU,West Ham,MID,29,0,0,0,0,true,sr:player:1012359
Crysencio Summerville,WHU,West Ham,FWD,,0,0,0,0,false,sr:player:1298504
Jean-Clair Todibo,WHU,West Ham,DEF,25,0,0,0,0,false,sr:player:1561172
Luis Guilherme Luis Guilherme,WHU,West Ham,MID,11,0,0,0,0,false,sr:player:2582799
Romelu Lukaku,CHE,Chelsea,FWD,9,0,0,0,0,true,sr:player:78893
Kepa Arrizabalaga,CHE,Chelsea,GK,1,0,0,0,0,true,sr:player:232422
Marcus Bettinelli,CHE,Chelsea,GK,13,0,0,0,0,true,sr:player:257993
Marc Cucurella,CHE,Chelsea,DEF,3,0,2,1,0,true,sr:player:769505
Kiernan Dewsbury Hall,CHE,Chelsea,MID,22,0,0,0,0,false,sr:player:1055173
Djordje Petrovic,CHE,Chelsea,GK,28,0,0,0,0,true,sr:player:1060571
Wesley Fofana,CHE,Chelsea,DEF,29,0,0,0,0,true,sr:player:1402953
Robert Sanchez,CHE,Chelsea,GK,1,0,0,0,0,true,sr:player:1500083
Filip Jorgensen,CHE,Chelsea,GK,12,0,0,0,0,false,sr:player:1630632
Lucas Bergstrom,CHE,Chelsea,GK,47,0,0,0,0,true,sr:player:1638334
Cesare Casadei,CHE,Chelsea,MID,31,0,0,0,0,true,sr:player:2058863
Lesley Ugochukwu,CHE,Chelsea,MID,16,0,0,0,0,true,sr:player:2059271
Angelo Gabriel Angelo Gabriel,CHE,Chelsea,FWD,41,0,0,0,0,true,sr:player:2101810
Deivid Washington,CHE,Chelsea,FWD,36,0,0,0,0,true,sr:player:2200606
Romeo Lavia,CHE,Chelsea,MID,45,0,0,0,0,true,sr:player:2221794
Diego Moreira,CHE,Chelsea,FWD,43,0,0,0,0,true,sr:player:2240507
Omari Kellyman,CHE,Chelsea,FWD,37,0,0,0,0,true,sr:player:2262627
Renato Veiga,CHE,Chelsea,MID,40,0,0,0,0,false,sr:player:2265643
Marc Guiu,CHE,Chelsea,FWD,38,0,0,0,0,false,sr:player:2463239
John Ruddy,NEW,Newcastle,GK,26,0,0,0,0,false,sr:player:1131
Martin Dubravka,NEW,Newcastle,GK,1,0,0,0,0,true,sr:player:42209
Mark Gillespie,NEW,Newcastle,GK,29,0,0,0,0,true,sr:player:108508
Odysseas Vlachodimos,NEW,Newcastle,GK,19,0,0,0,0,true,sr:player:138149
Ryan Fraser,NEW,Newcastle,FWD,,0,0,0,0,true,sr:player:138261
Emil Krafth,NEW,Newcastle,DEF,17,0,0,0,0,true,sr:player:150396
Nick Pope,NEW,Newcastle,GK,22,0,0,0,0,true,sr:player:162653
Isaac Hayden,NEW,Newcastle,MID,,0,0,0,0,true,sr:player:190843
Matt Targett,NEW,Newcastle,DEF,13,0,0,0,0,true,sr:player:368134
Jamal Lewis,NEW,Newcastle,DEF,12,0,0,0,0,true,sr:player:978029
Harrison Ashby,NEW,Newcastle,DEF,30,0,0,0,0,true,sr:player:1428671
William Osula,NEW,Newcastle,FWD,,0,0,0,0,true,sr:player:2161264
Joe White,NEW,Newcastle,MID,40,0,0,0,0,true,sr:player:2218918
Garang Kuol,NEW,Newcastle,FWD,38,0,0,0,0,true,sr:player:2296791
Alex Murphy,NEW,Newcastle,DEF,37,0,0,0,0,true,sr:player:2306785
Robin Olsen,AVL,Aston Villa,GK,25,0,0,0,0,true,sr:player:26025
Kortney Hause,AVL,Aston Villa,DEF,30,0,0,0,0,true,sr:player:255189
Tyrone Mings,AVL,Aston Villa,DEF,5,0,0,0,0,true,sr:player:303638
Diego Carlos,AVL,Aston Villa,DEF,3,0,0,0,0,true,sr:player:604232
Emiliano Buendia,AVL,Aston Villa,MID,10,0,0,0,0,true,sr:player:783126
Ian Maatsen,AVL,Aston Villa,DEF,22,0,0,0,0,true,sr:player:1613022
Joe Gauci,AVL,Aston Villa,GK,18,0,0,0,0,true,sr:player:1619862
Enzo Barrenechea,AVL,Aston Villa,MID,21,0,0,0,0,false,sr:player:1864906
Samuel Iling-Junior,AVL,Aston Villa,FWD,17,0,0,0,0,false,sr:player:1969761
Jaden Philogene Bidace,AVL,Aston Villa,FWD,16,0,0,0,0,true,sr:player:2134236
Kosta Nedeljkovic,AVL,Aston Villa,DEF,20,0,0,0,0,true,sr:player:2355119
Lino Sousa,AVL,Aston Villa,DEF,,0,0,0,0,true,sr:player:2447721
Thomas Partey,ARS,Arsenal,MID,5,0,0,0,0,true,sr:player:316148
Kieran Tierney,ARS,Arsenal,DEF,3,0,0,0,0,true,sr:player:366592
David Raya,ARS,Arsenal,GK,22,0,0,0,0,true,sr:player:581310
Reiss Nelson,ARS,Arsenal,FWD,24,0,0,0,0,true,sr:player:936316
Aaron Ramsdale,ARS,Arsenal,GK,1,0,0,0,0,true,sr:player:988185
Jurrien Timber,ARS,Arsenal,DEF,12,0,0,0,0,true,sr:player:1059325
Riccardo Calafiori,ARS,Arsenal,DEF,33,0,0,0,0,false,sr:player:1297524
Karl Hein,ARS,Arsenal,GK,31,0,0,0,0,true,sr:player:1381979
Kevin Mbabu,FUL,Fulham,DEF,27,0,0,0,0,true,sr:player:227900
Issa Diop,FUL,Fulham,DEF,31,0,0,0,0,true,sr:player:361320
Steven Benda,FUL,Fulham,GK,23,0,0,0,0,true,sr:player:880750
Ryan Sessegnon,FUL,Fulham,MID,30,0,0,0,0,true,sr:player:978193
Jorge Cuenca,FUL,Fulham,MID,,0,0,0,0,false,sr:player:1096424
Jay Stansfield,FUL,Fulham,FWD,28,0,0,0,0,true,sr:player:1990747
Alisson Ramses Alisson,LIV,Liverpool,GK,1,0,0,0,0,true,sr:player:243609
Caoimhin Kelleher,LIV,Liverpool,GK,62,0,0,0,0,true,sr:player:755360
Ibrahima Konate,LIV,Liverpool,DEF,5,0,0,0,0,true,sr:player:936572
Rhys Williams,LIV,Liverpool,DEF,46,0,0,0,0,true,sr:player:976937
Vitezslav Jaros,LIV,Liverpool,GK,56,0,0,0,0,true,sr:player:1298242
Hugo Quintana,LIV,Liverpool,MID,,0,0,0,0,false,sr:player:1399965
Sepp Van den Berg,LIV,Liverpool,DEF,72,0,0,0,0,true,sr:player:1404425
Nat Phillips,LIV,Liverpool,DEF,47,0,0,0,0,true,sr:player:1544819
Tyler Morton,LIV,Liverpool,MID,80,0,0,0,0,true,sr:player:1939964
Sergio Nunez,LIV,Liverpool,FWD,,0,0,0,0,false,sr:player:2058885
Fabio Carvalho,LIV,Liverpool,MID,28,0,0,0,0,true,sr:player:2074545
Stefan Bajcetic,LIV,Liverpool,DEF,43,0,0,0,0,true,sr:player:2264915
Bobby Clark,LIV,Liverpool,MID,42,0,0,0,0,true,sr:player:2265561
Ben Doak,LIV,Liverpool,MID,50,0,0,0,0,true,sr:player:2281013
Enzo Castillo,LIV,Liverpool,DEF,,0,0,0,0,false,sr:player:2546445
Ezequiel Olivera,LIV,Liverpool,DEF,,0,0,0,0,false,sr:player:2552303
Alfonso de Luca,LIV,Liverpool,FWD,,0,0,0,0,false,sr:player:2836027
Alex McCarthy,SOU,Southampton,GK,1,0,0,0,0,false,sr:player:45502
Jack Stephens,SOU,Southampton,DEF,5,0,0,0,0,false,sr:player:134361
Jan Bednarek,SOU,Southampton,DEF,35,0,0,0,0,false,sr:player:286085
Paul Onuachu,SOU,Southampton,FWD,12,0,0,0,0,false,sr:player:295123
Ryan Manning,SOU,Southampton,MID,3,0,0,0,0,false,sr:player:328701
Adam Armstrong,SOU,Southampton,FWD,9,0,0,0,0,false,sr:player:361352
James Bree,SOU,Southampton,DEF,14,0,0,0,0,false,sr:player:555406
Joe Lumley,SOU,Southampton,GK,13,0,0,0,0,false,sr:player:591620
Mateusz Lis,SOU,Southampton,GK,30,0,0,0,0,false,sr:player:857224
Kyle Walker-Peters,SOU,Southampton,DEF,2,0,0,0,0,false,sr:player:920380
Joe Aribo,SOU,Southampton,MID,7,0,0,0,0,false,sr:player:1084012
Ross Stewart,SOU,Southampton,FWD,11,0,0,0,0,false,sr:player:1096354
Flynn Downes,SOU,Southampton,MID,4,0,0,0,0,true,sr:player:1132685
Yukinari Sugawara,SOU,Southampton,DEF,16,0,0,0,0,false,sr:player:1322500
Gavin Bazunu,SOU,Southampton,GK,31,0,0,0,0,false,sr:player:1494177
Nathan Wood,SOU,Southampton,DEF,,0,0,0,0,false,sr:player:1555691
Armel Bella-Kotchap,SOU,Southampton,DEF,37,0,0,0,0,false,sr:player:1576010
Taylor Harwood-Bellis,SOU,Southampton,DEF,21,0,0,0,0,true,sr:player:1628260
Will Smallbone,SOU,Southampton,MID,16,0,0,0,0,false,sr:player:1770020
Carlos Alcaraz,SOU,Southampton,MID,22,0,0,0,0,false,sr:player:2005163
Kamaldeen Sulemana,SOU,Southampton,FWD,20,0,0,0,0,false,sr:player:2021829
Ronnie Edwards,SOU,Southampton,DEF,12,0,0,0,0,false,sr:player:2057757
Sekou Mara,SOU,Southampton,FWD,18,0,0,0,0,false,sr:player:2058611
Samuel Edozie,SOU,Southampton,FWD,23,0,0,0,0,false,sr:player:2200090
Shea Charles,SOU,Southampton,DEF,24,0,0,0,0,false,sr:player:2229702
Juan Larios,SOU,Southampton,DEF,28,0,0,0,0,false,sr:player:2246807
Samuel Amo-Ameyaw,SOU,Southampton,MID,27,0,0,0,0,false,sr:player:2615889
Mason Holgate,EVE,Everton,DEF,4,0,0,0,0,true,sr:player:781544
Joao Virginia,EVE,Everton,GK,12,0,0,0,0,true,sr:player:936352
Billy Crellin,EVE,Everton,GK,43,0,0,0,0,true,sr:player:1322308
Jesper Lindstrom,EVE,Everton,MID,29,0,0,0,0,false,sr:player:1574022
Jake O'Brien,EVE,Everton,DEF,,0,0,0,0,false,sr:player:1645136
Iliman Ndiaye,EVE,Everton,FWD,10,0,0,0,0,false,sr:player:2120122
Harry Tyrer,EVE,Everton,GK,53,0,0,0,0,true,sr:player:2125558
Tim Iroegbunam,EVE,Everton,MID,42,0,0,0,0,true,sr:player:2161262
Youssef Chermiti,EVE,Everton,FWD,28,0,0,0,0,true,sr:player:2265047
Josh Dasilva,BRE,Brentford,MID,10,0,0,0,0,true,sr:player:796084
Hakon Rafn Valdimarsson,BRE,Brentford,GK,31,0,0,0,0,true,sr:player:1141630
Aaron Hickey,BRE,Brentford,MID,2,0,0,0,0,true,sr:player:1652589
Myles Peart-Harris,BRE,Brentford,MID,25,0,0,0,0,true,sr:player:1724648
Yehor Yarmolyuk,BRE,Brentford,MID,33,0,0,0,0,true,sr:player:1858626
Matthew Cox,BRE,Brentford,GK,34,0,0,0,0,true,sr:player:2065067
Igor Thiago,BRE,Brentford,FWD,9,0,0,0,0,false,sr:player:2232678
Kim Ji-soo,BRE,Brentford,DEF,36,0,0,0,0,true,sr:player:2296809
Ryan Trevitt,BRE,Brentford,MID,32,0,0,0,0,true,sr:player:2426355
Norberto Murara Neto,BOU,Bournemouth,GK,1,0,0,0,0,true,sr:player:84844
Tyler Adams,BOU,Bournemouth,MID,18,0,0,0,0,true,sr:player:809778
Mark Travers,BOU,Bournemouth,GK,42,0,0,0,0,true,sr:player:934536
Gavin Kilkenny,BOU,Bournemouth,MID,,0,0,0,0,true,sr:player:1069198
Hamed Junior Traore,BOU,Bournemouth,MID,22,0,0,0,0,true,sr:player:1265202
Romain Faivre,BOU,Bournemouth,MID,8,0,0,0,0,true,sr:player:1368608
James Hill,BOU,Bournemouth,DEF,23,0,0,0,0,true,sr:player:1653565
Will Dennis,BOU,Bournemouth,GK,,0,0,0,0,true,sr:player:1839276
Milos Kerkez,BOU,Bournemouth,DEF,3,0,2,1,0,true,sr:player:1989917
Jaidon Anthony,BOU,Bournemouth,FWD,32,0,0,0,0,true,sr:player:2070595
Daniel Jebbison,BOU,Bournemouth,FWD,,0,0,0,0,true,sr:player:2155654
Dean Huijsen,BOU,Bournemouth,DEF,2,0,0,0,0,false,sr:player:2354391
Nathaniel Clyne,CRY,Crystal Palace,DEF,17,0,0,0,0,true,sr:player:43215
Sam Johnstone,CRY,Crystal Palace,GK,1,0,0,0,0,true,sr:player:98427
Dean Henderson,CRY,Crystal Palace,GK,30,0,0,0,0,true,sr:player:353202
Remi Matthews,CRY,Crystal Palace,GK,31,0,0,0,0,true,sr:player:581610
Rob Holding,CRY,Crystal Palace,DEF,4,0,0,0,0,true,sr:player:821198
Daichi Kamada,CRY,Crystal Palace,MID,18,0,0,0,0,false,sr:player:827253
Ismaila Sarr,CRY,Crystal Palace,FWD,,0,0,0,0,false,sr:player:1011939
Cheick Oumar Doucoure,CRY,Crystal Palace,MID,28,0,0,0,0,true,sr:player:1322160
Naouirou Ahamada,CRY,Crystal Palace,MID,29,0,0,0,0,true,sr:player:1644134
Chadi Riad,CRY,Crystal Palace,DEF,34,0,0,0,0,false,sr:player:2070773
Jesuran Rak-Sakyi,CRY,Crystal Palace,MID,49,0,0,0,0,true,sr:player:2144758
Lisandro Martinez,MUN,Man Utd,DEF,6,0,1,1,-0.5,true,sr:player:1134755
Benoit Badiashile,CHE,Chelsea,DEF,5,0,1,1,-0.5,true,sr:player:1299814
Joel Ward,CRY,Crystal Palace,DEF,2,0,1,1,-0.5,true,sr:player:39183
Andrew Omobamidele,NFO,Nottingham,DEF,32,0,0,1,-1,true,sr:player:1737595
Ruben Dias,MCI,Man City,DEF,3,0,0,1,-1,true,sr:player:318941
Hugo Bueno,WOL,Wolverhampton,DEF,17,0,0,1,-1,true,sr:player:2121872
Adam Webster,BRI,Brighton,DEF,4,0,0,1,-1,true,sr:player:216308
Arijanet Muric,IPS,Ipswich,GK,,0,0,1,-1,true,sr:player:1047063
Alphonse Areola,WHU,West Ham,GK,23,0,0,1,-1,true,sr:player:96531
Wes Foderingham,WHU,West Ham,GK,21,0,0,1,-1,true,sr:player:187861
Konstantinos Mavropanos,WHU,West Ham,DEF,15,1,0,2,-1,true,sr:player:950080
Bernd Leno,FUL,Fulham,GK,1,0,0,1,-1,true,sr:player:103335
Ashley Young,EVE,Everton,DEF,18,0,0,1,-1,true,sr:player:10589
Seamus Coleman,EVE,Everton,DEF,23,0,0,1,-1,true,sr:player:76632
Jordan Pickford,EVE,Everton,GK,1,0,0,1,-1,true,sr:player:138530
Emiliano Martinez,AVL,Aston Villa,GK,1,0,0,2,-2,true,sr:player:158263